Player1,Player2,Player1_ID,Player2_ID,Co-Occurrence
Dominic Calvert-Lewin,Bertuğ Yıldırım,59e6e5bf,7410d325,11
Jean-Philippe Mateta,Artem Dovbyk,50e6dc35,5b847bb0,11
Leroy Sané,Kingsley Coman,2b114be3,042e8a49,11
Patrick Dorgu,Pep Chavarría,e6536124,63c5e56b,10
Jean-Philippe Mateta,Borja Mayoral,50e6dc35,64e8ed6d,10
Esteban Lepaul,Dominic Solanke,85ce1949,e77dc3b2,10
Lorenzo Lucca,Lucas Stassin,83c06f3a,a47d6f3a,10
Esteban Lepaul,Casper Tengstedt,85ce1949,ff2fb007,10
Artem Dovbyk,Borja Mayoral,5b847bb0,64e8ed6d,10
Raúl Moro,Oladapo Afolayan,919dd4b1,5054c359,10
Hugo Duro,Borja Mayoral,37e103f8,64e8ed6d,10
Pablo Fornals,Bilal El Khannouss,82927de4,f7042636,10
Chris Wood,Anastasios Douvikas,4e9a0555,853ca71c,10
M'Bala Nzola,Frank Magri,a4948e67,42fdb11d,10
Keane Lewis-Potter,Alejandro Jiménez,41f08ac8,faa13947,10
Keane Lewis-Potter,Marvin,41f08ac8,efaefda0,10
Keane Lewis-Potter,Lilian Raolisoa,41f08ac8,79a793b7,10
Benedict Hollerbach,Tiago Tomás,2a158218,b492126a,10
Hugo Duro,Borja Iglesias,37e103f8,75645f0e,10
Cyle Larin,Frank Magri,e7af9060,42fdb11d,10
Jean-Philippe Mateta,Lorenzo Lucca,50e6dc35,83c06f3a,10
Akor Adams,Diego,2ccd39ed,b85a5126,10
Thijs Dallinga,Junior Adamu,b70afb45,82e12fe7,10
Thijs Dallinga,Marshall Munetsi,b70afb45,2acf0cd7,10
Lorenzo Lucca,Borja Mayoral,83c06f3a,64e8ed6d,10
Tete Morente,Jeong Woo-yeong,004d185e,6190474d,10
Joshua King,Eddie Nketiah,43458538,a53649b7,10
Tete Morente,Carles Aleñá,004d185e,6c811eb7,10
Morgan Rogers,Leandro Trossard,2e5915f1,38ceb24a,10
Juanmi Latasa,Dominic Calvert-Lewin,2bea832e,59e6e5bf,10
Juanmi Latasa,Bertuğ Yıldırım,2bea832e,7410d325,10
Juanmi Latasa,Jordan Pefok,2bea832e,b684a484,10
Sergi Darder,Valentino Lazaro,070a3904,016ff750,10
Patrick Dorgu,Marvin,e6536124,efaefda0,10
Patrick Dorgu,Loïc Nego,e6536124,c3b6fa1e,10
Tete Morente,John McGinn,004d185e,90f91999,10
Mostafa Mohamed,Toni Martínez,595e6f3e,f3945e07,10
Adri Embarba,Jesper Lindstrøm,db8f0eba,37dc1a48,10
Keito Nakamura,Marco Grüll,d97af612,8babb812,10
Yann Gboho,Jesus Rodríguez,6be41a31,f9f74e43,10
Roberto Navarro,Jack Clarke,c997b942,e16932d8,10
Roberto Navarro,Joe Willock,c997b942,a3b03921,10
Roberto Férnandez,Borja Mayoral,c981fc98,64e8ed6d,10
Roberto Navarro,Eren Dinkçi,c997b942,4ccd8957,10
Artem Dovbyk,Lorenzo Lucca,5b847bb0,83c06f3a,10
Callum Hudson-Odoi,Pedro Neto,15f3ec41,7ba2eaa9,10
Hugo Duro,Esteban Lepaul,37e103f8,85ce1949,10
Chris Wood,Jørgen Strand Larsen,4e9a0555,f553b2b3,10
Joshua King,Darwin Núñez,43458538,4d77b365,10
Bernardo Silva,Mario Götze,3eb22ec9,9efa1d25,10
Hugo Duro,Phil Harres,37e103f8,07db670d,10
Alejandro Jiménez,Khalil Fayad,faa13947,faf00ab8,10
Pep Chavarría,Marvin,63c5e56b,efaefda0,10
Hugo Duro,Cyle Larin,37e103f8,e7af9060,10
Chris Wood,Lorenzo Lucca,4e9a0555,83c06f3a,10
Beto,Paul Onuachu,ed5c0319,c06d1086,10
Sofiane Diop,Mikkel Damsgaard,19053e31,215f3907,9
Anthony Elanga,Álex Berenguer,2fba6108,dc1c2fce,9
Joel Pohjanpalo,Rasmus Højlund,ea003d07,491a433d,9
Joel Pohjanpalo,Mamadou Sylla,ea003d07,e5ec95f8,9
Artem Dovbyk,Lucas Stassin,5b847bb0,a47d6f3a,9
Joel Pohjanpalo,Frank Magri,ea003d07,42fdb11d,9
Artem Dovbyk,Hugo Duro,5b847bb0,37e103f8,9
Artem Dovbyk,Evanilson,5b847bb0,6f3cc2fe,9
Beto,Daniel Mosquera,ed5c0319,091b9eb8,9
Beto,Phillip Tietz,ed5c0319,3397e7b5,9
Lorenzo Lucca,Roberto Férnandez,83c06f3a,c981fc98,9
Kiké,Anastasios Douvikas,e897d8ba,853ca71c,9
Lorenzo Lucca,Anastasios Douvikas,83c06f3a,853ca71c,9
Kiké,Borja Mayoral,e897d8ba,64e8ed6d,9
Jacob Murphy,Robin Hack,de112b84,0174ba21,9
Lucas Stassin,Borja Iglesias,a47d6f3a,75645f0e,9
Kiké,Phillip Tietz,e897d8ba,3397e7b5,9
Diogo Jota,Eddie Nketiah,178ae8f8,a53649b7,9
Ange-Yoan Bonny,Cameron Archer,64629ba4,05e8ca6d,9
Jorge de Frutos,Mama Samba Baldé,38ce1150,fb14aa28,9
Lee Kang-in,Hákon Arnar Haraldsson,8455ad90,e2ae54db,9
Artem Dovbyk,Roberto Férnandez,5b847bb0,c981fc98,9
Rodrygo,Bukayo Saka,8f5e92a6,bc7dc64d,9
Rodrygo,Fermin López,8f5e92a6,c1fe5f0b,9
Rodrygo,Maghnes Akliouche,8f5e92a6,b625b241,9
Artem Dovbyk,Cyle Larin,5b847bb0,e7af9060,9
Bukayo Saka,Fermin López,bc7dc64d,c1fe5f0b,9
Kiké,Boulaye Dia,e897d8ba,244bc2c8,9
Artem Dovbyk,Dominic Solanke,5b847bb0,e77dc3b2,9
Kiké,Esteban Lepaul,e897d8ba,85ce1949,9
Artem Dovbyk,Jamie Vardy,5b847bb0,45963054,9
Beto,Anastasios Douvikas,ed5c0319,853ca71c,9
Cyle Larin,Rasmus Højlund,e7af9060,491a433d,9
Abdallah Sima,Jens Odgaard,fdbde523,75374ee7,9
Artem Dovbyk,Anastasios Douvikas,5b847bb0,853ca71c,9
Lorenzo Lucca,Hugo Duro,83c06f3a,37e103f8,9
Daniel Mosquera,Paul Onuachu,091b9eb8,c06d1086,9
Lorenzo Colombo,Amin Sarr,04df29a5,d5326924,9
Lorenzo Colombo,Randy Nteka,04df29a5,a6103274,9
Diogo Jota,Darwin Núñez,178ae8f8,4d77b365,9
Joel Pohjanpalo,Alejo Véliz,ea003d07,3f7bafbe,9
Joel Pohjanpalo,Diego,ea003d07,b85a5126,9
Joel Pohjanpalo,Thijs Dallinga,ea003d07,b70afb45,9
Joel Pohjanpalo,Akor Adams,ea003d07,2ccd39ed,9
Joel Pohjanpalo,Isaac Romero,ea003d07,be719093,9
Cyle Larin,Anastasios Douvikas,e7af9060,853ca71c,9
John McGinn,Carles Aleñá,90f91999,6c811eb7,9
Serhou Guirassy,Alexander Sørloth,923f4dda,e92cd3f7,9
Ante Budimir,Alexander Sørloth,8f3565b3,e92cd3f7,9
Bertuğ Yıldırım,Jordan Pefok,7410d325,b684a484,9
Hugo Duro,Roberto Férnandez,37e103f8,c981fc98,9
Harvey Barnes,Alfon,3ea50f67,1c772b46,9
Boulaye Dia,Álvaro Morata,244bc2c8,129af0db,9
Kiké,Milan Đurić,e897d8ba,405f6586,9
Matthis Abline,Samuel Essende,0e46fa2f,821550ce,9
Florian Wirtz,Lamine Yamal,e7fcf289,82ec26c1,9
Valentín Castellanos,Santiago Castro,da76bab4,ee5565ae,9
Ritsu Doan,Dani Raba,d01bbb6f,ea6a7ab4,9
Evanilson,Jamie Vardy,6f3cc2fe,45963054,9
Evanilson,Valentín Castellanos,6f3cc2fe,da76bab4,9
Mohamed Amoura,Nathan Tella,6597f8b6,f1e94cd6,9
Mohamed Amoura,Leandro Trossard,6597f8b6,38ceb24a,9
Boulaye Dia,Roberto Férnandez,244bc2c8,c981fc98,9
Hugo Duro,Dominic Solanke,37e103f8,e77dc3b2,9
Roberto Piccoli,M'Bala Nzola,1cadaf34,a4948e67,9
Andrea Pinamonti,Anastasios Douvikas,08aa9cd1,853ca71c,9
Andrea Pinamonti,Borja Mayoral,08aa9cd1,64e8ed6d,9
Andrea Pinamonti,Casper Tengstedt,08aa9cd1,ff2fb007,9
Andrea Pinamonti,Esteban Lepaul,08aa9cd1,85ce1949,9
Antoine Semenyo,Adam Hložek,efd2ec23,5521f419,9
Kevin Schade,Assane Diao,52afb588,8ae7d0ec,9
John McGinn,Arthur Atta,90f91999,d3ddf88b,9
Gaëtan Laborde,Mikel Oyarzabal,7cdda3bf,8c3c640c,9
Borja Iglesias,Milan Đurić,75645f0e,405f6586,9
Borja Iglesias,Borja Mayoral,75645f0e,64e8ed6d,9
Joe Willock,Jack Clarke,a3b03921,e16932d8,9
Giuseppe Pezzella,Adrià Altimira,149c5f5d,757a3431,9
Adri Embarba,Eren Dinkçi,db8f0eba,4ccd8957,9
Peque,Tim Skarke,cb971b4f,65857fdf,9
Aitor Ruibal,Pep Chavarría,a55d8df5,63c5e56b,9
Nikola Krstović,Miguel,473803c9,6763373d,9
Phil Harres,Borja Mayoral,07db670d,64e8ed6d,9
Phil Harres,Cyle Larin,07db670d,e7af9060,9
Che Adams,Isaac Romero,f2bf1b0f,be719093,9
Dominic Solanke,Anastasios Douvikas,e77dc3b2,853ca71c,9
Dominic Solanke,Casper Tengstedt,e77dc3b2,ff2fb007,9
Liam Delap,Victor Boniface,dd897ee7,b146275b,9
Liam Delap,Matthis Abline,dd897ee7,0e46fa2f,9
Lucas Stassin,Borja Mayoral,a47d6f3a,64e8ed6d,9
Hugo Duro,Frank Magri,37e103f8,42fdb11d,9
Khvicha Kvaratskhelia,Jeremy Doku,dea88efd,fffea3e5,9
Zuriko Davitashvili,Lassine Sinayoko,88b4d2e3,5e5249c8,9
Cyle Larin,Borja Mayoral,e7af9060,64e8ed6d,9
Cyle Larin,Joel Pohjanpalo,e7af9060,ea003d07,9
Cyle Larin,M'Bala Nzola,e7af9060,a4948e67,9
Phillip Tietz,Borja Mayoral,3397e7b5,64e8ed6d,9
Phillip Tietz,Milan Đurić,3397e7b5,405f6586,9
Marvin Pieringer,Lorenzo Colombo,11407d95,04df29a5,9
Dominic Solanke,Cyle Larin,e77dc3b2,e7af9060,9
Hugo Duro,Milan Đurić,37e103f8,405f6586,9
Hugo Duro,Casper Tengstedt,37e103f8,ff2fb007,9
Zuriko Davitashvili,Ludovic Blas,88b4d2e3,6191093d,9
Esteban Lepaul,Anastasios Douvikas,85ce1949,853ca71c,9
Esteban Lepaul,Borja Mayoral,85ce1949,64e8ed6d,9
Esteban Lepaul,Cyle Larin,85ce1949,e7af9060,9
Esteban Lepaul,Phil Harres,85ce1949,07db670d,9
Lamine Yamal,Sávio,82ec26c1,fe6e7156,9
Leandro Trossard,Nicolas Pépé,38ceb24a,57e3f0c7,9
Lamine Yamal,Maghnes Akliouche,82ec26c1,b625b241,9
Myron Boadu,Borja Mayoral,5b479568,64e8ed6d,9
Cristhian Stuani,Álvaro Morata,220c11f1,129af0db,9
Lautaro Martínez,Deniz Undav,f7036e1c,dd549382,9
Jamie Vardy,Myron Boadu,45963054,5b479568,9
Lorenzo Lucca,Cyle Larin,83c06f3a,e7af9060,9
Moses Simon,Bryan Zaragoza,5f3eaaf5,a96103b2,9
Adam Hložek,Georginio Rutter,5521f419,c64c01fc,9
Lamine Yamal,Jeremy Doku,82ec26c1,fffea3e5,9
Thijs Dallinga,Miguel,b70afb45,6763373d,9
Thijs Dallinga,Alejo Véliz,b70afb45,3f7bafbe,9
Fares Chaïbi,Christopher Operi,357103bd,914bb955,9
Jacob Ramsey,Yunus Musah,1544f145,b51b1b9c,9
Jacob Ramsey,Eren Dinkçi,1544f145,4ccd8957,9
Jacob Ramsey,Roberto Navarro,1544f145,c997b942,9
Mama Samba Baldé,Moritz Broschinski,fb14aa28,bbd79358,9
Milan Đurić,Borja Mayoral,405f6586,64e8ed6d,9
Tyler Dibling,Antoniu,bdcc89ae,af784a9e,9
Giorgos Masouras,Moritz Broschinski,9d689a5b,bbd79358,9
Antoine Hainaut,Giuseppe Pezzella,6503f220,149c5f5d,9
Chris Wood,Borja Mayoral,4e9a0555,64e8ed6d,9
Chris Wood,Dominic Solanke,4e9a0555,e77dc3b2,9
Chris Wood,Esteban Lepaul,4e9a0555,85ce1949,9
Chris Wood,Andrea Pinamonti,4e9a0555,08aa9cd1,9
Chris Wood,Lucas Stassin,4e9a0555,a47d6f3a,9
Emmanuel Gyasi,Ben Johnson,f9758dae,9319781b,9
Jeong Woo-yeong,John McGinn,6190474d,90f91999,9
Jonathan David,Jamie Vardy,ce50fd99,45963054,9
Jonathan David,Lucas Stassin,ce50fd99,a47d6f3a,9
Jonathan David,Artem Dovbyk,ce50fd99,5b847bb0,9
Jonathan David,Jean-Philippe Mateta,ce50fd99,50e6dc35,9
Jonathan David,Alexandre Lacazette,ce50fd99,9dbb75ca,9
Raphinha,Kevin De Bruyne,3423f250,e46012d4,9
Gaetano Oristanio,Tyler Dibling,5cfc74fc,bdcc89ae,9
Diego,Alejo Véliz,b85a5126,3f7bafbe,9
Andrea Cambiaso,Bilal El Khannouss,247ed022,f7042636,9
Anass Zaroury,Manuel Fuster,07d65234,618f396a,9
Patrick Dorgu,Keane Lewis-Potter,e6536124,41f08ac8,9
Paul Wanner,Khalil Fayad,cb64672e,faf00ab8,9
Jonathan Burkardt,Lucas Stassin,05f99a4a,a47d6f3a,9
Yoane Wissa,Thierno Barry,2500cef9,52c3244b,9
Yoane Wissa,Emanuel Emegha,2500cef9,a0c590b9,9
Diego,Bertuğ Yıldırım,b85a5126,7410d325,9
Marshall Munetsi,Junior Adamu,2acf0cd7,82e12fe7,9
Erling Haaland,Jamie Vardy,1f44ac21,45963054,9
Erling Haaland,Evanilson,1f44ac21,6f3cc2fe,9
Tomáš Suslov,Jack Clarke,83fe71b8,e16932d8,9
Lilian Raolisoa,Alejandro Jiménez,79a793b7,faa13947,9
Lilian Raolisoa,Marvin,79a793b7,efaefda0,9
Robert Lewandowski,Erling Haaland,8d78e732,1f44ac21,9
Mohamed Salah,Rayan Cherki,e342ad68,b34c63a5,9
Loïc Nego,Marvin,c3b6fa1e,efaefda0,9
Keane Lewis-Potter,Loïc Nego,41f08ac8,c3b6fa1e,9
Marvin,Alejandro Jiménez,efaefda0,faa13947,9
Patrik Schick,Ermedin Demirović,5d4f7d61,ed79b7d3,9
Patrik Schick,Lorenzo Lucca,5d4f7d61,83c06f3a,9
Giuseppe Pezzella,Marvin,149c5f5d,efaefda0,9
Nicolás Domínguez,Adama Boiro,20b3a502,e7992f7b,9
Eren Dinkçi,Joe Willock,4ccd8957,a3b03921,9
Erling Haaland,Moise Kean,1f44ac21,3d50bcdb,9
Adrià Altimira,Marvin,757a3431,efaefda0,9
Adama Boiro,Marvin,e7992f7b,efaefda0,9
Keane Lewis-Potter,Adrià Altimira,41f08ac8,757a3431,9
Keane Lewis-Potter,Pep Chavarría,41f08ac8,63c5e56b,9
Keane Lewis-Potter,Giuseppe Pezzella,41f08ac8,149c5f5d,9
Alejo Véliz,Bertuğ Yıldırım,3f7bafbe,7410d325,9
Leon Bailey,Noah Weißhaupt,3a233281,dd676a97,9
Unai Gómez,Peque,37db6cae,cb971b4f,9
Chris Wood,Artem Dovbyk,4e9a0555,5b847bb0,9
Chris Wood,Kiké,4e9a0555,e897d8ba,9
Erling Haaland,Myron Boadu,1f44ac21,5b479568,9
Chris Wood,Jonathan Burkardt,4e9a0555,05f99a4a,9
Keane Lewis-Potter,Khalil Fayad,41f08ac8,faf00ab8,9
Borja Iglesias,Cyle Larin,75645f0e,e7af9060,9
Borja Iglesias,Phil Harres,75645f0e,07db670d,9
Borja Iglesias,Esteban Lepaul,75645f0e,85ce1949,9
Kylian Mbappé,Ousmane Dembélé,42fd9c7f,b19db005,9
Pep Chavarría,Loïc Nego,63c5e56b,c3b6fa1e,9
Eren Dinkçi,Jack Clarke,4ccd8957,e16932d8,9
Chris Wood,Jean-Philippe Mateta,4e9a0555,50e6dc35,9
Bernardo Silva,Ridle Baku,3eb22ec9,442b56fa,9
Luis Rioja,Leonardo Spinazzola,eb3dd471,3626daea,9
Mamadou Sylla,Johannes Eggestein,e5ec95f8,d571df78,9
Mamadou Sylla,Diego,e5ec95f8,b85a5126,9
Jordan Ayew,Josué Casimir,da052c14,481f76cf,9
Juan Cruz,Luis Rioja,cc2dd8a5,eb3dd471,9
Jørgen Strand Larsen,Anastasios Douvikas,f553b2b3,853ca71c,9
Jeong Woo-yeong,Carles Aleñá,6190474d,6c811eb7,9
Jørgen Strand Larsen,Boulaye Dia,f553b2b3,244bc2c8,9
Jørgen Strand Larsen,Lorenzo Lucca,f553b2b3,83c06f3a,9
Maghnes Akliouche,Sávio,b625b241,fe6e7156,9
Isaac Romero,Alejo Véliz,be719093,3f7bafbe,9
Raúl Moro,Jesus Rodríguez,919dd4b1,f9f74e43,9
Raúl Moro,Francisco Conceição,919dd4b1,5ef3d210,9
Christantus Uche,Mama Samba Baldé,87941696,fb14aa28,9
Pedro Neto,Francisco Conceição,7ba2eaa9,5ef3d210,9
Jørgen Strand Larsen,Roberto Férnandez,f553b2b3,c981fc98,9
Kiké,Beto,e897d8ba,ed5c0319,9
Mahdi Camara,Yassine Kechta,8577e60a,abefc3af,9
Anastasios Douvikas,Johannes Eggestein,853ca71c,d571df78,9
Malick Fofana,Pedro Neto,8236f673,7ba2eaa9,9
Yann Gboho,Jeremie Boga,6be41a31,fe012aca,9
Yann Gboho,Bryan Gil,6be41a31,7b5ab7f2,9
Borja Mayoral,Anastasios Douvikas,64e8ed6d,853ca71c,9
Lassine Sinayoko,Williot Swedberg,5e5249c8,184fe4b2,9
Oumar Diakité,Marcos André,44435c8f,ae86d473,9
Frank Magri,Paul Onuachu,42fdb11d,c06d1086,9
Kiké,Andrea Pinamonti,e897d8ba,08aa9cd1,9
Frank Magri,Rasmus Højlund,42fdb11d,491a433d,9
Mohamed Salah,Ousmane Dembélé,e342ad68,b19db005,9
Callum Hudson-Odoi,Francisco Conceição,15f3ec41,5ef3d210,9
Rasmus Højlund,Diego,491a433d,b85a5126,9
Rasmus Højlund,Thijs Dallinga,491a433d,b70afb45,9
Rasmus Højlund,Akor Adams,491a433d,2ccd39ed,9
Darwin Núñez,Eddie Nketiah,4d77b365,a53649b7,9
Dominic Calvert-Lewin,Diego,59e6e5bf,b85a5126,9
Nicolas Pépé,Adama Traoré,57e3f0c7,9a28eba4,9
Gianluca Caprari,Yunus Musah,54e53b7e,b51b1b9c,9
Gianluca Caprari,Sorba Thomas,54e53b7e,8725a42e,9
Oladapo Afolayan,Jamie Leweling,5054c359,13fe7b69,9
Jon Guridi,Dani de Wit,4c0a6a48,48a2b92a,9
Nicolas Viola,Danel Sinani,45392b06,96ddfa79,9
Aleksandr Golovin,Bilal El Khannouss,3708e9fa,f7042636,9
Abel Ruiz,Adam Armstrong,6cbf8d0d,68c720b5,9
Ermedin Demirović,Hugo Duro,ed79b7d3,37e103f8,9
Akor Adams,Alejo Véliz,2ccd39ed,3f7bafbe,9
Akor Adams,Thijs Dallinga,2ccd39ed,b70afb45,9
Thijs Dallinga,Diego,b70afb45,b85a5126,9
Benjamín Domínguez,Mama Samba Baldé,a83b47fa,fb14aa28,9
Teun Koopmeiners,Carlos Soler,a26fb8aa,fed17f5a,9
Teun Koopmeiners,John McGinn,a26fb8aa,90f91999,9
Bryan Gil,Jeremie Boga,7b5ab7f2,fe012aca,9
Aleksandr Golovin,Iván Sánchez,3708e9fa,70107d4d,9
Gustav Isaksen,Simon Adingra,5715bb71,4dcec659,9
Gustav Isaksen,Pedro Neto,5715bb71,7ba2eaa9,9
Emanuel Emegha,Dominic Solanke,a0c590b9,e77dc3b2,9
Romelu Lukaku,Che Adams,5eae500a,f2bf1b0f,9
Jean-Philippe Mateta,Anastasios Douvikas,50e6dc35,853ca71c,9
Jean-Philippe Mateta,Roberto Férnandez,50e6dc35,c981fc98,9
Jean-Philippe Mateta,Cyle Larin,50e6dc35,e7af9060,9
Rasmus Højlund,Alejo Véliz,491a433d,3f7bafbe,9
Dominic Calvert-Lewin,Alejo Véliz,59e6e5bf,3f7bafbe,9
Juanmi Latasa,Akor Adams,2bea832e,2ccd39ed,9
Joshua Zirkzee,Giorgos Masouras,028e70b9,9d689a5b,9
Jean-Philippe Mateta,Dominic Solanke,50e6dc35,e77dc3b2,9
Jean-Philippe Mateta,Jamie Vardy,50e6dc35,45963054,9
Jean-Philippe Mateta,Evanilson,50e6dc35,6f3cc2fe,9
Jean-Philippe Mateta,Hugo Duro,50e6dc35,37e103f8,9
Jean-Philippe Mateta,Lucas Stassin,50e6dc35,a47d6f3a,9
Dominic Calvert-Lewin,Jordan Pefok,59e6e5bf,b684a484,9
Juanmi Latasa,Alejo Véliz,2bea832e,3f7bafbe,9
Nicolás Domínguez,Loïc Nego,20b3a502,c3b6fa1e,8
Nicolás Domínguez,Christopher Operi,20b3a502,914bb955,8
Nicolás Domínguez,Adrià Altimira,20b3a502,757a3431,8
Giuseppe Pezzella,Alejandro Jiménez,149c5f5d,faa13947,8
Patrik Schick,Borja Mayoral,5d4f7d61,64e8ed6d,8
Patrik Schick,Myron Boadu,5d4f7d61,5b479568,8
Patrik Schick,Lucas Stassin,5d4f7d61,a47d6f3a,8
Patrik Schick,Artem Dovbyk,5d4f7d61,5b847bb0,8
Patrik Schick,Jean-Philippe Mateta,5d4f7d61,50e6dc35,8
Patrik Schick,Jonathan Burkardt,5d4f7d61,05f99a4a,8
Mateo Retegui,Jørgen Strand Larsen,e7695e6c,f553b2b3,8
Marvin,Khalil Fayad,efaefda0,faf00ab8,8
Adama Boiro,Khalil Fayad,e7992f7b,faf00ab8,8
Loïc Nego,Alejandro Jiménez,c3b6fa1e,faa13947,8
Giuseppe Pezzella,Loïc Nego,149c5f5d,c3b6fa1e,8
Giuseppe Pezzella,Lilian Raolisoa,149c5f5d,79a793b7,8
Kevin Schade,Benedict Hollerbach,52afb588,2a158218,8
Nikola Krstović,Santiago Castro,473803c9,ee5565ae,8
Keito Nakamura,Diego López,d97af612,c487901c,8
Keito Nakamura,Benedict Hollerbach,d97af612,2a158218,8
Gaëtan Laborde,Marvin Pieringer,7cdda3bf,11407d95,8
Borja Iglesias,Frank Magri,75645f0e,42fdb11d,8
Borja Iglesias,Casper Tengstedt,75645f0e,ff2fb007,8
Borja Iglesias,Roberto Férnandez,75645f0e,c981fc98,8
Borja Iglesias,Phillip Tietz,75645f0e,3397e7b5,8
Borja Iglesias,Dominic Solanke,75645f0e,e77dc3b2,8
Borja Iglesias,Myron Boadu,75645f0e,5b479568,8
Borja Iglesias,Boulaye Dia,75645f0e,244bc2c8,8
Pep Chavarría,Adama Boiro,63c5e56b,e7992f7b,8
Pep Chavarría,Lilian Raolisoa,63c5e56b,79a793b7,8
Pep Chavarría,Adrià Altimira,63c5e56b,757a3431,8
Alex Sola,Antoniu,5fa714d5,af784a9e,8
Antoine Semenyo,Georginio Rutter,efd2ec23,c64c01fc,8
Antoine Semenyo,Cucho,efd2ec23,71b47ab9,8
Antoine Semenyo,Alexander Bernhardsson,efd2ec23,dea1d183,8
Keito Nakamura,Giacomo Raspadori,d97af612,6e058f06,8
Vinicius Júnior,Rafael Leão,7111d552,20730eae,8
Vinicius Júnior,Lamine Yamal,7111d552,82ec26c1,8
Vinicius Júnior,Florian Wirtz,7111d552,e7fcf289,8
Andrej Kramarić,Luis Henrique,603cb947,f36d5624,8
Thierno Barry,Daniel Mosquera,52c3244b,091b9eb8,8
Thierno Barry,Patrick Cutrone,52c3244b,a4fe8cda,8
Thierno Barry,Vedat Muriqi,52c3244b,0cadc46d,8
Thierno Barry,Beto,52c3244b,ed5c0319,8
Kevin Schade,Shavy Babicka,52afb588,c6f0d5d4,8
Kevin Schade,Marco Grüll,52afb588,8babb812,8
Kevin Schade,Abdallah Sima,52afb588,fdbde523,8
Kevin Schade,Samuel Essende,52afb588,821550ce,8
Roberto Piccoli,Cyle Larin,1cadaf34,e7af9060,8
Roberto Piccoli,Marvin Pieringer,1cadaf34,11407d95,8
Roberto Piccoli,Dominic Solanke,1cadaf34,e77dc3b2,8
Roberto Piccoli,Matthis Abline,1cadaf34,0e46fa2f,8
Gaëtan Perrin,Isaac Palazón Camacho,10dd88f9,49dbab27,8
Gaëtan Perrin,Ludovic Blas,10dd88f9,6191093d,8
Andrea Pinamonti,Johannes Eggestein,08aa9cd1,d571df78,8
Andrea Pinamonti,Diego,08aa9cd1,b85a5126,8
Andrea Pinamonti,Thijs Dallinga,08aa9cd1,b70afb45,8
Andrea Pinamonti,Oliver McBurnie,08aa9cd1,78b8ac63,8
Andrea Pinamonti,Roberto Férnandez,08aa9cd1,c981fc98,8
Andrea Pinamonti,Jens Odgaard,08aa9cd1,75374ee7,8
Andrea Pinamonti,Phillip Tietz,08aa9cd1,3397e7b5,8
Andrea Pinamonti,Beto,08aa9cd1,ed5c0319,8
Andrea Pinamonti,Dominic Solanke,08aa9cd1,e77dc3b2,8
Andrea Pinamonti,Boulaye Dia,08aa9cd1,244bc2c8,8
Evanilson,Phillip Tietz,6f3cc2fe,3397e7b5,8
Mohamed Amoura,Benjamín Domínguez,6597f8b6,a83b47fa,8
Mohamed Amoura,Arnaud Nordin,6597f8b6,7b9a9e25,8
Mohamed Amoura,Lassine Sinayoko,6597f8b6,5e5249c8,8
Nikola Krstović,Che Adams,473803c9,f2bf1b0f,8
Hugo Duro,Rasmus Højlund,37e103f8,491a433d,8
Hugo Duro,Anastasios Douvikas,37e103f8,853ca71c,8
Hugo Duro,Joel Pohjanpalo,37e103f8,ea003d07,8
Hugo Duro,M'Bala Nzola,37e103f8,a4948e67,8
Hugo Duro,Phillip Tietz,37e103f8,3397e7b5,8
Hugo Duro,Myron Boadu,37e103f8,5b479568,8
Mohamed Amoura,Morgan Rogers,6597f8b6,2e5915f1,8
Roberto Piccoli,Miguel,1cadaf34,6763373d,8
Roberto Piccoli,Frank Magri,1cadaf34,42fdb11d,8
Roberto Piccoli,Joel Pohjanpalo,1cadaf34,ea003d07,8
Roberto Piccoli,Roberto Férnandez,1cadaf34,c981fc98,8
Fábio Silva,Roberto Férnandez,e7aa9d7c,c981fc98,8
Valentín Castellanos,Vedat Muriqi,da76bab4,0cadc46d,8
Nicolas Jackson,Vitor Roque,9c36ed83,cb00f1e6,8
Nicolas Jackson,Diogo Jota,9c36ed83,178ae8f8,8
Dušan Vlahović,Joel Pohjanpalo,79443529,ea003d07,8
Dušan Vlahović,Dominic Solanke,79443529,e77dc3b2,8
Kaoru Mitoma,Dejan Kulusevski,74618572,df3cda47,8
Kaoru Mitoma,Diego López,74618572,c487901c,8
Kaoru Mitoma,Dan Ndoye,74618572,8e697a8f,8
Kaoru Mitoma,Gabriel Martinelli,74618572,48a5a5d6,8
Evanilson,Johannes Eggestein,6f3cc2fe,d571df78,8
Evanilson,Diego,6f3cc2fe,b85a5126,8
Evanilson,Abel Ruiz,6f3cc2fe,6cbf8d0d,8
Evanilson,Mamadou Sylla,6f3cc2fe,e5ec95f8,8
Evanilson,Borja Mayoral,6f3cc2fe,64e8ed6d,8
Evanilson,Frank Magri,6f3cc2fe,42fdb11d,8
Liam Delap,Roberto Férnandez,dd897ee7,c981fc98,8
Harvey Barnes,Yankuba Minteh,3ea50f67,c3cf087d,8
Harvey Barnes,Noni Madueke,3ea50f67,bf34eebd,8
Harvey Barnes,Adam Hložek,3ea50f67,5521f419,8
Benedict Hollerbach,Musa Al-Taamari,2a158218,f15f8b2b,8
Benedict Hollerbach,Oladapo Afolayan,2a158218,5054c359,8
Benedict Hollerbach,Marco Grüll,2a158218,8babb812,8
Boulaye Dia,Anastasios Douvikas,244bc2c8,853ca71c,8
Boulaye Dia,Borja Mayoral,244bc2c8,64e8ed6d,8
Boulaye Dia,Esteban Lepaul,244bc2c8,85ce1949,8
Matthis Abline,Keinan Davis,0e46fa2f,9deaf2c8,8
Matthis Abline,Umar Sadiq,0e46fa2f,686cbe7d,8
Matthis Abline,Roberto Férnandez,0e46fa2f,c981fc98,8
Matthis Abline,Victor Boniface,0e46fa2f,b146275b,8
Florian Wirtz,Jeremy Doku,e7fcf289,fffea3e5,8
Florian Wirtz,Bukayo Saka,e7fcf289,bc7dc64d,8
Myron Boadu,Roberto Férnandez,5b479568,c981fc98,8
Myron Boadu,Phillip Tietz,5b479568,3397e7b5,8
Jamie Vardy,Isaac Romero,45963054,be719093,8
Jamie Vardy,Abel Ruiz,45963054,6cbf8d0d,8
Jamie Vardy,Borja Mayoral,45963054,64e8ed6d,8
Hugo Duro,Roberto Piccoli,37e103f8,1cadaf34,8
Hugo Duro,Andrea Pinamonti,37e103f8,08aa9cd1,8
Leroy Sané,Sávio,2b114be3,fe6e7156,8
Leroy Sané,Jeremy Doku,2b114be3,fffea3e5,8
Leroy Sané,Désiré Doué,2b114be3,9e7483ff,8
Leroy Sané,Karim Adeyemi,2b114be3,501055d8,8
Leroy Sané,Lamine Yamal,2b114be3,82ec26c1,8
Cristhian Stuani,Myron Boadu,220c11f1,5b479568,8
Dodi Lukebakio,Jamie Leweling,0c61c77c,13fe7b69,8
Dodi Lukebakio,Marius Bülter,0c61c77c,ab5b7dc1,8
Liam Delap,Borja Mayoral,dd897ee7,64e8ed6d,8
Zuriko Davitashvili,Leandro Trossard,88b4d2e3,38ceb24a,8
Loïs Openda,Isaac Romero,8652a85c,be719093,8
Loïs Openda,Che Adams,8652a85c,f2bf1b0f,8
Esteban Lepaul,Thijs Dallinga,85ce1949,b70afb45,8
Esteban Lepaul,Paul Onuachu,85ce1949,c06d1086,8
Esteban Lepaul,Frank Magri,85ce1949,42fdb11d,8
Esteban Lepaul,Milan Đurić,85ce1949,405f6586,8
Esteban Lepaul,Roberto Férnandez,85ce1949,c981fc98,8
Esteban Lepaul,Jens Odgaard,85ce1949,75374ee7,8
Esteban Lepaul,Abdallah Sima,85ce1949,fdbde523,8
Esteban Lepaul,Kai Havertz,85ce1949,fed7cb61,8
Lamine Yamal,Kingsley Coman,82ec26c1,042e8a49,8
Lamine Yamal,Bukayo Saka,82ec26c1,bc7dc64d,8
Lamine Yamal,Khvicha Kvaratskhelia,82ec26c1,dea88efd,8
Alex Iwobi,Enzo Millot,6ca5ec4b,f76022e7,8
Myron Boadu,Milan Đurić,5b479568,405f6586,8
Lucas Stassin,Abel Ruiz,a47d6f3a,6cbf8d0d,8
Lucas Stassin,Anastasios Douvikas,a47d6f3a,853ca71c,8
Lucas Stassin,Milan Đurić,a47d6f3a,405f6586,8
Dominic Solanke,Phil Harres,e77dc3b2,07db670d,8
Dominic Solanke,Kai Havertz,e77dc3b2,fed7cb61,8
Khvicha Kvaratskhelia,Maghnes Akliouche,dea88efd,b625b241,8
Khvicha Kvaratskhelia,Antony,dea88efd,99127249,8
Mikel Oyarzabal,Marcos André,8c3c640c,ae86d473,8
Mikel Oyarzabal,Amin Sarr,8c3c640c,d5326924,8
Mikel Oyarzabal,Oumar Diakité,8c3c640c,44435c8f,8
Mikel Oyarzabal,Marvin Pieringer,8c3c640c,11407d95,8
Assane Diao,Moritz Broschinski,8ae7d0ec,bbd79358,8
Assane Diao,Marco Grüll,8ae7d0ec,8babb812,8
Assane Diao,Abdallah Sima,8ae7d0ec,fdbde523,8
Zuriko Davitashvili,Mohamed Ali Cho,88b4d2e3,f8405304,8
Zuriko Davitashvili,Williot Swedberg,88b4d2e3,184fe4b2,8
Che Adams,Thijs Dallinga,f2bf1b0f,b70afb45,8
Che Adams,Oliver McBurnie,f2bf1b0f,78b8ac63,8
Dominic Solanke,Thijs Dallinga,e77dc3b2,b70afb45,8
Dominic Solanke,Paul Onuachu,e77dc3b2,c06d1086,8
Dominic Solanke,Borja Mayoral,e77dc3b2,64e8ed6d,8
Dominic Solanke,Frank Magri,e77dc3b2,42fdb11d,8
Liam Delap,Samuel Essende,dd897ee7,821550ce,8
Liam Delap,Randal Kolo Muani,dd897ee7,c0b3669f,8
Liam Delap,Hugo Duro,dd897ee7,37e103f8,8
Michael Olise,Désiré Doué,c4486bac,9e7483ff,8
Raúl Jiménez,Roberto Férnandez,b561db50,c981fc98,8
Raúl Jiménez,M'Bala Nzola,b561db50,a4948e67,8
Raúl Jiménez,Marvin Pieringer,b561db50,11407d95,8
Raúl Jiménez,Valentín Castellanos,b561db50,da76bab4,8
Raúl Jiménez,Evanilson,b561db50,6f3cc2fe,8
Raúl Jiménez,Roberto Piccoli,b561db50,1cadaf34,8
Florian Thauvin,Jamie Leweling,2b9fdeea,13fe7b69,8
Florian Thauvin,Oladapo Afolayan,2b9fdeea,5054c359,8
Florian Thauvin,Álex Berenguer,2b9fdeea,dc1c2fce,8
Jamie Gittens,Karim Adeyemi,10745192,501055d8,8
Phil Harres,Amin Sarr,07db670d,d5326924,8
Phil Harres,Umar Sadiq,07db670d,686cbe7d,8
Phil Harres,Frank Magri,07db670d,42fdb11d,8
Phil Harres,Milan Đurić,07db670d,405f6586,8
Phil Harres,Casper Tengstedt,07db670d,ff2fb007,8
Phil Harres,Roberto Férnandez,07db670d,c981fc98,8
Phil Harres,Jens Odgaard,07db670d,75374ee7,8
Phil Harres,Abdallah Sima,07db670d,fdbde523,8
Kai Havertz,Junior Adamu,fed7cb61,82e12fe7,8
Kai Havertz,Anastasios Douvikas,fed7cb61,853ca71c,8
Kai Havertz,Cyle Larin,fed7cb61,e7af9060,8
Che Adams,Miguel,f2bf1b0f,6763373d,8
Giovani Lo Celso,Dwight McNeil,d7553721,fc15fb84,8
Diego López,Marcus Rashford,c487901c,a1d5bd30,8
Diego López,Marco Grüll,c487901c,8babb812,8
Rayan Cherki,Maghnes Akliouche,b34c63a5,b625b241,8
Rayan Cherki,Charles De Ketelaere,b34c63a5,2ef7c612,8
Dan Ndoye,Nicolas Pépé,8e697a8f,57e3f0c7,8
Dan Ndoye,Dejan Kulusevski,8e697a8f,df3cda47,8
Adam Hložek,Cucho,5521f419,71b47ab9,8
Gabriel Martinelli,Malick Fofana,48a5a5d6,8236f673,8
Gabriel Martinelli,Marcus Rashford,48a5a5d6,a1d5bd30,8
Gabriel Martinelli,Marco Grüll,48a5a5d6,8babb812,8
Leandro Trossard,Nathan Tella,38ceb24a,f1e94cd6,8
Leandro Trossard,Ludovic Blas,38ceb24a,6191093d,8
Morgan Rogers,Nicolas Pépé,2e5915f1,57e3f0c7,8
Morgan Rogers,Jacob Murphy,2e5915f1,de112b84,8
Morgan Rogers,Diego López,2e5915f1,c487901c,8
Dani Raba,Nicolás Paz,ea6a7ab4,01bb93d5,8
Antoine Griezmann,Bernardo Silva,df69b544,3eb22ec9,8
Antoine Griezmann,Himad Abdelli,df69b544,7978cbf0,8
Jacob Murphy,Yeremi Pino,de112b84,540ec57b,8
Lucas Stassin,Roberto Férnandez,a47d6f3a,c981fc98,8
Lucas Stassin,Cyle Larin,a47d6f3a,e7af9060,8
Lucas Stassin,Phillip Tietz,a47d6f3a,3397e7b5,8
Lucas Stassin,Myron Boadu,a47d6f3a,5b479568,8
Lucas Stassin,Jamie Vardy,a47d6f3a,45963054,8
Lucas Stassin,Boulaye Dia,a47d6f3a,244bc2c8,8
Lucas Stassin,Hugo Duro,a47d6f3a,37e103f8,8
Lorenzo Lucca,Diego,83c06f3a,b85a5126,8
Lorenzo Lucca,Mamadou Sylla,83c06f3a,e5ec95f8,8
Lorenzo Lucca,Frank Magri,83c06f3a,42fdb11d,8
Lorenzo Lucca,Milan Đurić,83c06f3a,405f6586,8
Jacob Murphy,Luis Henrique,de112b84,f36d5624,8
Phillip Tietz,Paul Onuachu,3397e7b5,c06d1086,8
Phillip Tietz,Mostafa Mohamed,3397e7b5,595e6f3e,8
Phillip Tietz,Frank Magri,3397e7b5,42fdb11d,8
Phillip Tietz,Roberto Férnandez,3397e7b5,c981fc98,8
Marvin Pieringer,Randy Nteka,11407d95,a6103274,8
Vedat Muriqi,Bertuğ Yıldırım,0cadc46d,7410d325,8
Vedat Muriqi,Miguel,0cadc46d,6763373d,8
Vedat Muriqi,Oliver McBurnie,0cadc46d,78b8ac63,8
Vedat Muriqi,Dominic Calvert-Lewin,0cadc46d,59e6e5bf,8
Beto,Johannes Eggestein,ed5c0319,d571df78,8
Beto,Philipp Hofmann,ed5c0319,877bc844,8
Beto,Oliver McBurnie,ed5c0319,78b8ac63,8
Beto,Mostafa Mohamed,ed5c0319,595e6f3e,8
Beto,Frank Magri,ed5c0319,42fdb11d,8
Beto,Gorka Guruzeta,ed5c0319,6b5ea2f4,8
Dani Raba,Óscar Rodríguez Arnaiz,ea6a7ab4,19709006,8
Cyle Larin,Casper Tengstedt,e7af9060,ff2fb007,8
Cyle Larin,Roberto Férnandez,e7af9060,c981fc98,8
Samuel Essende,Umar Sadiq,821550ce,686cbe7d,8
Samuel Essende,Roberto Férnandez,821550ce,c981fc98,8
Gorka Guruzeta,Marcos André,6b5ea2f4,ae86d473,8
Gorka Guruzeta,Eddie Nketiah,6b5ea2f4,a53649b7,8
Gorka Guruzeta,Toni Martínez,6b5ea2f4,f3945e07,8
Gorka Guruzeta,Paul Onuachu,6b5ea2f4,c06d1086,8
Gorka Guruzeta,Oumar Diakité,6b5ea2f4,44435c8f,8
Gorka Guruzeta,Anastasios Douvikas,6b5ea2f4,853ca71c,8
Gorka Guruzeta,Darwin Núñez,6b5ea2f4,4d77b365,8
Gorka Guruzeta,Frank Magri,6b5ea2f4,42fdb11d,8
Gorka Guruzeta,Daniel Mosquera,6b5ea2f4,091b9eb8,8
Gorka Guruzeta,Joshua King,6b5ea2f4,43458538,8
Alex Baena,Kevin De Bruyne,518f2234,e46012d4,8
Karim Adeyemi,Kingsley Coman,501055d8,042e8a49,8
Artem Dovbyk,Diego,5b847bb0,b85a5126,8
Artem Dovbyk,Mamadou Sylla,5b847bb0,e5ec95f8,8
Artem Dovbyk,Frank Magri,5b847bb0,42fdb11d,8
Lorenzo Colombo,Umar Sadiq,04df29a5,686cbe7d,8
Lorenzo Colombo,Roberto Férnandez,04df29a5,c981fc98,8
Abdallah Sima,Eldor Shomurodov,fdbde523,57469b2d,8
Luis Henrique,Sofiane Diop,f36d5624,19053e31,8
Alexis Saelemaekers,Brahim Díaz,ee251371,407feb71,8
Cyle Larin,Alejo Véliz,e7af9060,3f7bafbe,8
Cyle Larin,Diego,e7af9060,b85a5126,8
Cyle Larin,Thijs Dallinga,e7af9060,b70afb45,8
Cyle Larin,Akor Adams,e7af9060,2ccd39ed,8
Cyle Larin,Paul Onuachu,e7af9060,c06d1086,8
Cyle Larin,Isaac Romero,e7af9060,be719093,8
Cyle Larin,Mamadou Sylla,e7af9060,e5ec95f8,8
Cyle Larin,Milan Đurić,e7af9060,405f6586,8
Diogo Jota,Joshua King,178ae8f8,43458538,8
Romain Del Castillo,Arda Güler,0be95d34,3741ca58,8
Romain Del Castillo,Dwight McNeil,0be95d34,fc15fb84,8
Lorenzo Colombo,Jordan Pefok,04df29a5,b684a484,8
Lorenzo Colombo,Bertuğ Yıldırım,04df29a5,7410d325,8
Lorenzo Colombo,Diego,04df29a5,b85a5126,8
Lorenzo Colombo,Dominic Calvert-Lewin,04df29a5,59e6e5bf,8
Lorenzo Lucca,Phillip Tietz,83c06f3a,3397e7b5,8
Lorenzo Lucca,Phil Harres,83c06f3a,07db670d,8
Lorenzo Lucca,Dominic Solanke,83c06f3a,e77dc3b2,8
Lorenzo Lucca,Esteban Lepaul,83c06f3a,85ce1949,8
Lorenzo Lucca,Myron Boadu,83c06f3a,5b479568,8
Lorenzo Lucca,Jamie Vardy,83c06f3a,45963054,8
Lorenzo Lucca,Evanilson,83c06f3a,6f3cc2fe,8
Lorenzo Lucca,Andrea Pinamonti,83c06f3a,08aa9cd1,8
Lorenzo Lucca,Borja Iglesias,83c06f3a,75645f0e,8
Jorge de Frutos,Benjamín Domínguez,38ce1150,a83b47fa,8
Jorge de Frutos,Tanguy Coulibaly,38ce1150,05ba9d7c,8
Jorge de Frutos,Arnaud Nordin,38ce1150,7b9a9e25,8
Anthony Elanga,Franck Honorat,2fba6108,db7849ca,8
Artem Dovbyk,Milan Đurić,5b847bb0,405f6586,8
Artem Dovbyk,Phillip Tietz,5b847bb0,3397e7b5,8
Artem Dovbyk,Phil Harres,5b847bb0,07db670d,8
Artem Dovbyk,Esteban Lepaul,5b847bb0,85ce1949,8
Artem Dovbyk,Myron Boadu,5b847bb0,5b479568,8
Artem Dovbyk,Roberto Piccoli,5b847bb0,1cadaf34,8
Artem Dovbyk,Andrea Pinamonti,5b847bb0,08aa9cd1,8
Artem Dovbyk,Borja Iglesias,5b847bb0,75645f0e,8
Artem Dovbyk,Raúl Jiménez,5b847bb0,b561db50,8
Anthony Elanga,Ludovic Blas,2fba6108,6191093d,8
Anthony Gordon,Adama Traoré,2bd83368,9a28eba4,8
Anthony Gordon,Simon Adingra,2bd83368,4dcec659,8
Désiré Doué,Jeremy Doku,9e7483ff,fffea3e5,8
Désiré Doué,Kingsley Coman,9e7483ff,042e8a49,8
Rodrygo,Chris Führich,8f5e92a6,0cf778df,8
Marco Grüll,Elif Elmas,8babb812,cf007308,8
Himad Abdelli,Leonardo Spinazzola,7978cbf0,3626daea,8
Himad Abdelli,Luis Rioja,7978cbf0,eb3dd471,8
Jens Odgaard,Eldor Shomurodov,75374ee7,57469b2d,8
Jens Odgaard,Casper Tengstedt,75374ee7,ff2fb007,8
Ludovic Blas,Lassine Sinayoko,6191093d,5e5249c8,8
Steven Skrzybski,Ramón Terrats,58ce23e5,f36016a5,8
Eliesse Ben Seghir,Yaser Asprilla,3bd65247,d139daf9,8
Eliesse Ben Seghir,Antony,3bd65247,99127249,8
Jorge de Frutos,Moritz Broschinski,38ce1150,bbd79358,8
Jorge de Frutos,Pontus Almqvist,38ce1150,0917188a,8
Jorge de Frutos,Mathys Tel,38ce1150,829aa60c,8
Jorge de Frutos,Mohamed Ali Cho,38ce1150,f8405304,8
Bukayo Saka,Maghnes Akliouche,bc7dc64d,b625b241,8
Gabriel Strefezza,Anass Zaroury,ac4a4508,07d65234,8
Gabriel Strefezza,Paul Wanner,ac4a4508,cb64672e,8
Gabriel Strefezza,Kamory Doumbia,ac4a4508,9226aa22,8
Gabriel Strefezza,Félix Lemaréchal,ac4a4508,8ca9415f,8
Gabriel Strefezza,Adrian Beck,ac4a4508,616c09f5,8
Gabriel Strefezza,Isaac Palazón Camacho,ac4a4508,49dbab27,8
Gabriel Strefezza,Mahdi Camara,ac4a4508,8577e60a,8
M'Bala Nzola,Miguel,a4948e67,6763373d,8
M'Bala Nzola,Paul Onuachu,a4948e67,c06d1086,8
M'Bala Nzola,Rasmus Højlund,a4948e67,491a433d,8
M'Bala Nzola,Darwin Núñez,a4948e67,4d77b365,8
M'Bala Nzola,Daniel Mosquera,a4948e67,091b9eb8,8
M'Bala Nzola,Joel Pohjanpalo,a4948e67,ea003d07,8
M'Bala Nzola,Roberto Férnandez,a4948e67,c981fc98,8
Marcus Rashford,Dennis Man,a1d5bd30,2079b3cc,8
Roberto Férnandez,Milan Đurić,c981fc98,405f6586,8
Roberto Férnandez,Álvaro Morata,c981fc98,129af0db,8
Yankuba Minteh,Matias Fernandez-Pardo,c3cf087d,0cdb6a2a,8
Yankuba Minteh,Malick Fofana,c3cf087d,8236f673,8
Alberto Moleiro,Jesus Rodríguez,c2c8897d,f9f74e43,8
Alberto Moleiro,Oladapo Afolayan,c2c8897d,5054c359,8
Javi Puado,Danny Welbeck,2683eda7,ce5143da,8
Kiké,Oliver McBurnie,e897d8ba,78b8ac63,8
Kiké,Paul Onuachu,e897d8ba,c06d1086,8
Kiké,Álvaro Morata,e897d8ba,129af0db,8
Kiké,Casper Tengstedt,e897d8ba,ff2fb007,8
Kiké,Roberto Férnandez,e897d8ba,c981fc98,8
Kiké,Dominic Solanke,e897d8ba,e77dc3b2,8
Kiké,Myron Boadu,e897d8ba,5b479568,8
Alberto Moleiro,Raúl Moro,c2c8897d,919dd4b1,8
Alberto Moleiro,Mahdi Camara,c2c8897d,8577e60a,8
Kingsley Coman,Sávio,042e8a49,fe6e7156,8
Kingsley Coman,Jeremy Doku,042e8a49,fffea3e5,8
Casper Tengstedt,Thijs Dallinga,ff2fb007,b70afb45,8
Casper Tengstedt,Paul Onuachu,ff2fb007,c06d1086,8
Casper Tengstedt,Rasmus Højlund,ff2fb007,491a433d,8
Casper Tengstedt,Anastasios Douvikas,ff2fb007,853ca71c,8
Casper Tengstedt,Borja Mayoral,ff2fb007,64e8ed6d,8
Casper Tengstedt,Frank Magri,ff2fb007,42fdb11d,8
Joel Pohjanpalo,Miguel,ea003d07,6763373d,8
Joel Pohjanpalo,Junior Adamu,ea003d07,82e12fe7,8
Joel Pohjanpalo,Marshall Munetsi,ea003d07,2acf0cd7,8
Joel Pohjanpalo,Tammy Abraham,ea003d07,f586779e,8
Joel Pohjanpalo,Joshua Zirkzee,ea003d07,028e70b9,8
Roberto Férnandez,Randy Nteka,c981fc98,a6103274,8
Roberto Férnandez,Anastasios Douvikas,c981fc98,853ca71c,8
Roberto Férnandez,Umar Sadiq,c981fc98,686cbe7d,8
Luis Díaz,Noni Madueke,4a1a9578,bf34eebd,8
Ludovic Ajorque,Mostafa Mohamed,462475ed,595e6f3e,8
Ludovic Ajorque,Lucas Stassin,462475ed,a47d6f3a,8
Ludovic Ajorque,Lorenzo Lucca,462475ed,83c06f3a,8
Frank Magri,Mamadou Sylla,42fdb11d,e5ec95f8,8
Frank Magri,Anastasios Douvikas,42fdb11d,853ca71c,8
Frank Magri,Borja Mayoral,42fdb11d,64e8ed6d,8
Mathias Honsak,Timothy Weah,3dbdbb6a,8eec784d,8
Takefusa Kubo,Jesus Rodríguez,16aa3654,f9f74e43,8
Takefusa Kubo,Francisco Conceição,16aa3654,5ef3d210,8
Takefusa Kubo,Raúl Moro,16aa3654,919dd4b1,8
Callum Hudson-Odoi,Raúl Moro,15f3ec41,919dd4b1,8
Callum Hudson-Odoi,Gustav Isaksen,15f3ec41,5715bb71,8
Callum Hudson-Odoi,Malick Fofana,15f3ec41,8236f673,8
Daniel Mosquera,Juanmi Latasa,091b9eb8,2bea832e,8
Daniel Mosquera,Toni Martínez,091b9eb8,f3945e07,8
Frank Magri,Alejo Véliz,42fdb11d,3f7bafbe,8
Frank Magri,Diego,42fdb11d,b85a5126,8
Frank Magri,Thijs Dallinga,42fdb11d,b70afb45,8
Frank Magri,Akor Adams,42fdb11d,2ccd39ed,8
Frank Magri,Isaac Romero,42fdb11d,be719093,8
Kiké,Borja Iglesias,e897d8ba,75645f0e,8
Kiké,Hugo Duro,e897d8ba,37e103f8,8
Kiké,Cristhian Stuani,e897d8ba,220c11f1,8
Kiké,Lucas Stassin,e897d8ba,a47d6f3a,8
Kiké,Lorenzo Lucca,e897d8ba,83c06f3a,8
Kiké,Artem Dovbyk,e897d8ba,5b847bb0,8
Amine Gouiri,Ferrán Torres,aad56ca3,9e1035f8,8
Mika Biereth,Esteban Lepaul,a1d95db3,85ce1949,8
Mika Biereth,Myron Boadu,a1d95db3,5b479568,8
Jarrod Bowen,Ludovic Blas,79c84d1c,6191093d,8
Luis Díaz,Matias Fernandez-Pardo,4a1a9578,0cdb6a2a,8
Anastasios Douvikas,Diego,853ca71c,b85a5126,8
Anastasios Douvikas,Thijs Dallinga,853ca71c,b70afb45,8
Anastasios Douvikas,Paul Onuachu,853ca71c,c06d1086,8
Anastasios Douvikas,André Ayew,853ca71c,5dbefa9d,8
Anastasios Douvikas,Mamadou Sylla,853ca71c,e5ec95f8,8
Malick Fofana,Matias Fernandez-Pardo,8236f673,0cdb6a2a,8
Yann Gboho,Benjamín Domínguez,6be41a31,a83b47fa,8
Yann Gboho,Raúl Moro,6be41a31,919dd4b1,8
Yann Gboho,Gustav Isaksen,6be41a31,5715bb71,8
Umar Sadiq,Amin Sarr,686cbe7d,d5326924,8
Umar Sadiq,Jordan Ayew,686cbe7d,da052c14,8
Borja Mayoral,Diego,64e8ed6d,b85a5126,8
Borja Mayoral,Amin Sarr,64e8ed6d,d5326924,8
Borja Mayoral,Mamadou Sylla,64e8ed6d,e5ec95f8,8
Mostafa Mohamed,Cameron Archer,595e6f3e,05e8ca6d,8
Lucas Beltrán,Florian Sotoca,482d2bc3,7a42d0df,8
Jørgen Strand Larsen,Artem Dovbyk,f553b2b3,5b847bb0,8
Mohammed Kudus,Musa Al-Taamari,b62878a5,f15f8b2b,8
Mohammed Kudus,Oladapo Afolayan,b62878a5,5054c359,8
Maghnes Akliouche,Jeremy Doku,b625b241,fffea3e5,8
Nico Williams,Nicolas Pépé,afdc14d7,57e3f0c7,8
Nikola Vlašić,Valentino Lazaro,aa8e289e,016ff750,8
Nikola Vlašić,Florian Sotoca,aa8e289e,7a42d0df,8
Nikola Vlašić,Sergi Darder,aa8e289e,070a3904,8
Nikola Vlašić,Tete Morente,aa8e289e,004d185e,8
Nikola Vlašić,Luis Rioja,aa8e289e,eb3dd471,8
Carlos Vicente,Alessandro Zanoli,90df343e,3b12b11f,8
Carlos Vicente,Omari Hutchinson,90df343e,bd9553e6,8
Carlos Vicente,Junya Ito,90df343e,dbd3a428,8
Carlos Vicente,Juan Cruz,90df343e,cc2dd8a5,8
Timothy Weah,Giuseppe Pezzella,8eec784d,149c5f5d,8
Mahdi Camara,Ridle Baku,8577e60a,442b56fa,8
Juan Cruz,Derrick Köhn,cc2dd8a5,b735b590,8
Juan Cruz,Ridle Baku,cc2dd8a5,442b56fa,8
Juan Cruz,Ramón Terrats,cc2dd8a5,f36016a5,8
Juan Cruz,Félix Lemaréchal,cc2dd8a5,8ca9415f,8
Mohammed Kudus,Jeremie Boga,b62878a5,fe012aca,8
Benjamin Šeško,Frank Magri,3260690c,42fdb11d,8
Benjamin Šeško,M'Bala Nzola,3260690c,a4948e67,8
Benjamin Šeško,Victor Boniface,3260690c,b146275b,8
Benjamin Šeško,Fábio Silva,3260690c,e7aa9d7c,8
Benjamin Šeško,Liam Delap,3260690c,dd897ee7,8
Jørgen Strand Larsen,Borja Mayoral,f553b2b3,64e8ed6d,8
Jørgen Strand Larsen,Álvaro Morata,f553b2b3,129af0db,8
Jørgen Strand Larsen,Dominic Solanke,f553b2b3,e77dc3b2,8
Jørgen Strand Larsen,Esteban Lepaul,f553b2b3,85ce1949,8
Jørgen Strand Larsen,Andrea Pinamonti,f553b2b3,08aa9cd1,8
Jørgen Strand Larsen,Lucas Stassin,f553b2b3,a47d6f3a,8
Robin Hack,Yeremi Pino,0174ba21,540ec57b,8
Dany Mota,Giorgos Masouras,efc9e31f,9d689a5b,8
Dany Mota,Thijs Dallinga,efc9e31f,b70afb45,8
Dany Mota,Rasmus Højlund,efc9e31f,491a433d,8
Luis Rioja,Bilal El Khannouss,eb3dd471,f7042636,8
Luis Rioja,Derrick Köhn,eb3dd471,b735b590,8
Luis Rioja,Pablo Fornals,eb3dd471,82927de4,8
Luis Rioja,Ernest Nuamah,eb3dd471,234a703c,8
Luis Rioja,Félix Lemaréchal,eb3dd471,8ca9415f,8
Luis Rioja,Robin Hack,eb3dd471,0174ba21,8
Mamadou Sylla,Akor Adams,e5ec95f8,2ccd39ed,8
Mamadou Sylla,Abel Ruiz,e5ec95f8,6cbf8d0d,8
Mamadou Sylla,Rasmus Højlund,e5ec95f8,491a433d,8
Hákon Arnar Haraldsson,Anass Zaroury,e2ae54db,07d65234,8
Jordan Ayew,Matteo Cancellieri,da052c14,b6a1cdf9,8
Jordan Ayew,Santiago Pierotti,da052c14,ec315772,8
Oumar Diakité,Tammy Abraham,44435c8f,f586779e,8
Oumar Diakité,Johannes Eggestein,44435c8f,d571df78,8
Bernardo Silva,Domingos André Ribeiro Almeida,3eb22ec9,e6697917,8
Bernardo Silva,Gavi,3eb22ec9,19cae58d,8
Bernardo Silva,Iván Sánchez,3eb22ec9,70107d4d,8
Bernardo Silva,Manuel Fuster,3eb22ec9,618f396a,8
Bernardo Silva,Anass Zaroury,3eb22ec9,07d65234,8
Bernardo Silva,Aleksandr Golovin,3eb22ec9,3708e9fa,8
Bernardo Silva,Félix Lemaréchal,3eb22ec9,8ca9415f,8
Stephy Mavididi,Jadon Sancho,30144daa,dbf053da,8
Stephy Mavididi,Osame Sahraoui,30144daa,6f9fa232,8
Stephy Mavididi,Félix Lemaréchal,30144daa,8ca9415f,8
Stephy Mavididi,Bernardo Silva,30144daa,3eb22ec9,8
Dennis Man,Coba da Costa,2079b3cc,0b3358f0,8
Robin Hack,Adama Traoré,0174ba21,9a28eba4,8
Robin Hack,Nicolas Pépé,0174ba21,57e3f0c7,8
Jean-Philippe Mateta,Phillip Tietz,50e6dc35,3397e7b5,8
Neal Maupay,Oliver McBurnie,4bcf39f6,78b8ac63,8
Isaac Palazón Camacho,Tomáš Suslov,49dbab27,83fe71b8,8
Isaac Palazón Camacho,Rémy Cabella,49dbab27,148e136f,8
Isaac Palazón Camacho,Kamory Doumbia,49dbab27,9226aa22,8
Isaac Palazón Camacho,Marcus Tavernier,49dbab27,5c0da4a4,8
Rasmus Højlund,Marcos André,491a433d,ae86d473,8
Rasmus Højlund,Junior Adamu,491a433d,82e12fe7,8
Rasmus Højlund,Marshall Munetsi,491a433d,2acf0cd7,8
Rasmus Højlund,Antonio Sanabria,491a433d,0a447501,8
Rasmus Højlund,Joshua Zirkzee,491a433d,028e70b9,8
Rasmus Højlund,Amin Sarr,491a433d,d5326924,8
Rasmus Højlund,Isaac Romero,491a433d,be719093,8
Rasmus Højlund,Abel Ruiz,491a433d,6cbf8d0d,8
Josué Casimir,Santiago Pierotti,481f76cf,ec315772,8
Oumar Diakité,Antonio Sanabria,44435c8f,0a447501,8
André Ayew,Randy Nteka,5dbefa9d,a6103274,8
Eldor Shomurodov,Pablo Durán,57469b2d,6db116ec,8
Gustav Isaksen,Bryan Zaragoza,5715bb71,a96103b2,8
Gustav Isaksen,Jesus Rodríguez,5715bb71,f9f74e43,8
Gustav Isaksen,Francisco Conceição,5715bb71,5ef3d210,8
Gustav Isaksen,Badredine Bouanani,5715bb71,0400dd2f,8
Gustav Isaksen,Raúl Moro,5715bb71,919dd4b1,8
Jørgen Strand Larsen,Kiké,f553b2b3,e897d8ba,8
Emanuel Emegha,Esteban Lepaul,a0c590b9,85ce1949,8
Emanuel Emegha,Nicolas Jackson,a0c590b9,9c36ed83,8
Romelu Lukaku,Casper Tengstedt,5eae500a,ff2fb007,8
Romelu Lukaku,Javi Puado,5eae500a,2683eda7,8
Jean-Philippe Mateta,Diego,50e6dc35,b85a5126,8
Jean-Philippe Mateta,Mamadou Sylla,50e6dc35,e5ec95f8,8
Jean-Philippe Mateta,Frank Magri,50e6dc35,42fdb11d,8
Jean-Philippe Mateta,Milan Đurić,50e6dc35,405f6586,8
Arnaud Nordin,Nathan Tella,7b9a9e25,f1e94cd6,8
Arnaud Nordin,Benjamín Domínguez,7b9a9e25,a83b47fa,8
Habib Diarra,Khalil Fayad,6d0fe035,faf00ab8,8
Habib Diarra,Marvin,6d0fe035,efaefda0,8
Habib Diarra,Adama Boiro,6d0fe035,e7992f7b,8
Habib Diarra,Giuseppe Pezzella,6d0fe035,149c5f5d,8
Habib Diarra,Carlos Soler,6d0fe035,fed17f5a,8
Habib Diarra,Pablo Fornals,6d0fe035,82927de4,8
Abel Ruiz,Antonio Sanabria,6cbf8d0d,0a447501,8
Abel Ruiz,Cameron Archer,6cbf8d0d,05e8ca6d,8
Abel Ruiz,Johannes Eggestein,6cbf8d0d,d571df78,8
Abel Ruiz,Diego,6cbf8d0d,b85a5126,8
Abel Ruiz,Isaac Romero,6cbf8d0d,be719093,8
Adrian Beck,Félix Lemaréchal,616c09f5,8ca9415f,8
André Ayew,Marcos André,5dbefa9d,ae86d473,8
André Ayew,Junior Adamu,5dbefa9d,82e12fe7,8
Paul Onuachu,Thijs Dallinga,c06d1086,b70afb45,8
Isaac Romero,Miguel,be719093,6763373d,8
Isaac Romero,Adam Armstrong,be719093,68c720b5,8
Isaac Romero,Tammy Abraham,be719093,f586779e,8
Isaac Romero,Diego,be719093,b85a5126,8
Isaac Romero,Thijs Dallinga,be719093,b70afb45,8
Isaac Romero,Akor Adams,be719093,2ccd39ed,8
Raúl Moro,Bryan Zaragoza,919dd4b1,a96103b2,8
Raúl Moro,Jamie Leweling,919dd4b1,13fe7b69,8
Raúl Moro,Bryan Gil,919dd4b1,7b5ab7f2,8
Félix Lemaréchal,Derrick Köhn,8ca9415f,b735b590,8
Félix Lemaréchal,Iván Sánchez,8ca9415f,70107d4d,8
Félix Lemaréchal,Paul Wanner,8ca9415f,cb64672e,8
Félix Lemaréchal,Aleksandr Golovin,8ca9415f,3708e9fa,8
Pedro Neto,Raúl Moro,7ba2eaa9,919dd4b1,8
Arnaud Nordin,Mama Samba Baldé,7b9a9e25,fb14aa28,8
Arnaut Danjuma,Simon Adingra,f08490a6,4dcec659,8
Santiago Pierotti,Ridle Baku,ec315772,442b56fa,8
Amin Sarr,Marcos André,d5326924,ae86d473,8
Amin Sarr,Diego,d5326924,b85a5126,8
Amin Sarr,Randy Nteka,d5326924,a6103274,8
Shavy Babicka,Musa Al-Taamari,c6f0d5d4,f15f8b2b,8
Paul Onuachu,Alejo Véliz,c06d1086,3f7bafbe,8
Jean-Philippe Mateta,Phil Harres,50e6dc35,07db670d,8
Jean-Philippe Mateta,Esteban Lepaul,50e6dc35,85ce1949,8
Jean-Philippe Mateta,Myron Boadu,50e6dc35,5b479568,8
Jean-Philippe Mateta,Roberto Piccoli,50e6dc35,1cadaf34,8
Jean-Philippe Mateta,Andrea Pinamonti,50e6dc35,08aa9cd1,8
Jean-Philippe Mateta,Borja Iglesias,50e6dc35,75645f0e,8
Jean-Philippe Mateta,Raúl Jiménez,50e6dc35,b561db50,8
Jean-Philippe Mateta,Kiké,50e6dc35,e897d8ba,8
Jean-Philippe Mateta,Jørgen Strand Larsen,50e6dc35,f553b2b3,8
Tanguy Coulibaly,Pontus Almqvist,05ba9d7c,0917188a,8
Jofre,Yann Karamoh,030ef8d6,8b66d9cc,8
Jofre,Vitinha,030ef8d6,74d4cec6,8
Joshua Zirkzee,Alejo Véliz,028e70b9,3f7bafbe,8
Joshua Zirkzee,Unai Gómez,028e70b9,37db6cae,8
Joshua Zirkzee,Carlos Martín,028e70b9,64035864,8
Joshua Zirkzee,Dani de Wit,028e70b9,48a2b92a,8
Joshua Zirkzee,Marshall Munetsi,028e70b9,2acf0cd7,8
Joshua Zirkzee,Diego,028e70b9,b85a5126,8
Joshua Zirkzee,Thijs Dallinga,028e70b9,b70afb45,8
Joshua Zirkzee,Akor Adams,028e70b9,2ccd39ed,8
Tete Morente,Arthur Atta,004d185e,d3ddf88b,8
Tete Morente,Fares Chaïbi,004d185e,357103bd,8
Tete Morente,Teun Koopmeiners,004d185e,a26fb8aa,8
Toni Martínez,Jordan Pefok,f3945e07,b684a484,8
Arnaut Danjuma,Coba da Costa,f08490a6,0b3358f0,8
Jonathan David,Abel Ruiz,ce50fd99,6cbf8d0d,8
Jonathan David,Mamadou Sylla,ce50fd99,e5ec95f8,8
Jonathan David,Borja Mayoral,ce50fd99,64e8ed6d,8
Akor Adams,Bertuğ Yıldırım,2ccd39ed,7410d325,8
Akor Adams,Keinan Davis,2ccd39ed,9deaf2c8,8
Akor Adams,Junior Adamu,2ccd39ed,82e12fe7,8
Akor Adams,Marshall Munetsi,2ccd39ed,2acf0cd7,8
Akor Adams,Antonio Sanabria,2ccd39ed,0a447501,8
Akor Adams,Sergio Camello,2ccd39ed,873619c6,8
Akor Adams,Dominic Calvert-Lewin,2ccd39ed,59e6e5bf,8
Juanmi Latasa,Diego,2bea832e,b85a5126,8
Juanmi Latasa,Sergio Camello,2bea832e,873619c6,8
Nicolás González,Yunus Musah,2374aaca,b51b1b9c,8
Nicolás González,Florian Sotoca,2374aaca,7a42d0df,8
Nicolás González,Jon Guridi,2374aaca,4c0a6a48,8
Ernest Nuamah,Adama Traoré,234a703c,9a28eba4,8
Aleksandr Golovin,Manuel Fuster,3708e9fa,618f396a,8
Aleksandr Golovin,Mario Götze,3708e9fa,9efa1d25,8
Fabio Miretti,Tomáš Suslov,34693494,83fe71b8,8
Akor Adams,Jordan Pefok,2ccd39ed,b684a484,8
Ermedin Demirović,Borja Mayoral,ed79b7d3,64e8ed6d,8
Ermedin Demirović,Cyle Larin,ed79b7d3,e7af9060,8
Ermedin Demirović,Phil Harres,ed79b7d3,07db670d,8
Ermedin Demirović,Esteban Lepaul,ed79b7d3,85ce1949,8
Ermedin Demirović,Myron Boadu,ed79b7d3,5b479568,8
Ermedin Demirović,Borja Iglesias,ed79b7d3,75645f0e,8
Matheus Cunha,Alex Iwobi,dc62b55d,6ca5ec4b,8
Ademola Lookman,Kingsley Coman,7c104bb7,042e8a49,8
Ademola Lookman,Leroy Sané,7c104bb7,2b114be3,8
Hugo Ekitike,Victor Boniface,5b92d896,b146275b,8
Hugo Ekitike,Valentín Castellanos,5b92d896,da76bab4,8
Hugo Ekitike,Nicolas Jackson,5b92d896,9c36ed83,8
Jonathan Burkardt,Myron Boadu,05f99a4a,5b479568,8
Marcus Tavernier,Fares Chaïbi,5c0da4a4,357103bd,8
Marcus Tavernier,Sergi Darder,5c0da4a4,070a3904,8
Dominic Calvert-Lewin,Randy Nteka,59e6e5bf,a6103274,8
Dominic Calvert-Lewin,Philipp Hofmann,59e6e5bf,877bc844,8
Gianluca Caprari,Domingos André Ribeiro Almeida,54e53b7e,e6697917,8
Gianluca Caprari,Carlos Soler,54e53b7e,fed17f5a,8
Gianluca Caprari,Jacob Ramsey,54e53b7e,1544f145,8
Gianluca Caprari,Paul Wanner,54e53b7e,cb64672e,8
Gianluca Caprari,Teun Koopmeiners,54e53b7e,a26fb8aa,8
Oladapo Afolayan,Kamaldeen Sulemana,5054c359,a62f8bf1,8
Oladapo Afolayan,Jesus Rodríguez,5054c359,f9f74e43,8
Oladapo Afolayan,Francisco Conceição,5054c359,5ef3d210,8
Jon Guridi,Florian Sotoca,4c0a6a48,7a42d0df,8
Aleksandr Golovin,Gavi,3708e9fa,19cae58d,8
Aleksandr Golovin,Pablo Fornals,3708e9fa,82927de4,8
Osame Sahraoui,Chris Führich,6f9fa232,0cf778df,8
Osame Sahraoui,Jeremy Doku,6f9fa232,fffea3e5,8
Francisco Conceição,Sávio,5ef3d210,fe6e7156,8
Francisco Conceição,Bryan Zaragoza,5ef3d210,a96103b2,8
Francisco Conceição,David Neres,5ef3d210,4f1e6a0b,8
Matteo Politano,Danel Sinani,5e861944,96ddfa79,8
Matteo Politano,Anass Zaroury,5e861944,07d65234,8
Jonathan David,Myron Boadu,ce50fd99,5b479568,8
Jonathan David,Evanilson,ce50fd99,6f3cc2fe,8
Jonathan David,Borja Iglesias,ce50fd99,75645f0e,8
Jonathan David,Lorenzo Lucca,ce50fd99,83c06f3a,8
Ollie Watkins,Loïs Openda,aed3a70f,8652a85c,8
Arnaud Kalimuendo,Emanuel Emegha,bf4c41f9,a0c590b9,8
Raphinha,Alex Baena,3423f250,518f2234,8
Jonathan Burkardt,Neal Maupay,05f99a4a,4bcf39f6,8
Jonathan Burkardt,Anastasios Douvikas,05f99a4a,853ca71c,8
Teun Koopmeiners,Sergi Darder,a26fb8aa,070a3904,8
Teun Koopmeiners,Paul Wanner,a26fb8aa,cb64672e,8
Mario Götze,Domingos André Ribeiro Almeida,9efa1d25,e6697917,8
Mario Götze,Manuel Fuster,9efa1d25,618f396a,8
Mario Götze,Ridle Baku,9efa1d25,442b56fa,8
Mario Götze,Anass Zaroury,9efa1d25,07d65234,8
Kamory Doumbia,Óscar Rodríguez Arnaiz,9226aa22,19709006,8
Philipp Hofmann,Tim Skarke,877bc844,65857fdf,8
Philipp Hofmann,Peque,877bc844,cb971b4f,8
Philipp Hofmann,Bertuğ Yıldırım,877bc844,7410d325,8
Philipp Hofmann,Alejo Véliz,877bc844,3f7bafbe,8
Philipp Hofmann,Unai Gómez,877bc844,37db6cae,8
Philipp Hofmann,Diego,877bc844,b85a5126,8
Philipp Hofmann,Thijs Dallinga,877bc844,b70afb45,8
Bryan Gil,Jesus Rodríguez,7b5ab7f2,f9f74e43,8
Oliver McBurnie,Philipp Hofmann,78b8ac63,877bc844,8
Thijs Dallinga,Takuma Asano,b70afb45,13ddc856,8
Thijs Dallinga,Tammy Abraham,b70afb45,f586779e,8
Thijs Dallinga,Johannes Eggestein,b70afb45,d571df78,8
Benjamín Domínguez,Kamaldeen Sulemana,a83b47fa,a62f8bf1,8
Benjamín Domínguez,Ander Barrenetxea,a83b47fa,200e89e1,8
Benjamín Domínguez,Nathan Tella,a83b47fa,f1e94cd6,8
Benjamín Domínguez,Farid El Melali,a83b47fa,d21e361a,8
Benjamín Domínguez,Takuma Asano,a83b47fa,13ddc856,8
Randy Nteka,Jordan Pefok,a6103274,b684a484,8
Randy Nteka,Bertuğ Yıldırım,a6103274,7410d325,8
Randy Nteka,Diego,a6103274,b85a5126,8
Teun Koopmeiners,Arthur Atta,a26fb8aa,d3ddf88b,8
Teun Koopmeiners,Christopher Operi,a26fb8aa,914bb955,8
Teun Koopmeiners,Carles Aleñá,a26fb8aa,6c811eb7,8
Teun Koopmeiners,Valentino Lazaro,a26fb8aa,016ff750,8
Teun Koopmeiners,Fares Chaïbi,a26fb8aa,357103bd,8
Yoane Wissa,Boulaye Dia,2500cef9,244bc2c8,8
Yoane Wissa,Jørgen Strand Larsen,2500cef9,f553b2b3,8
Yoane Wissa,Marcus Thuram,2500cef9,6f8cd6d0,8
Alexander Sørloth,Alejo Véliz,e92cd3f7,3f7bafbe,8
Paul Wanner,Carlos Soler,cb64672e,fed17f5a,8
Paul Wanner,Roberto Navarro,cb64672e,c997b942,8
Paul Wanner,Alieu Fadera,cb64672e,53210e42,8
Patrick Wimmer,Óscar Rodríguez Arnaiz,cb11b429,19709006,8
Patrick Wimmer,Paul Wanner,cb11b429,cb64672e,8
Omari Hutchinson,Alessandro Zanoli,bd9553e6,3b12b11f,8
Diego,Keinan Davis,b85a5126,9deaf2c8,8
Diego,Junior Adamu,b85a5126,82e12fe7,8
Diego,Adam Armstrong,b85a5126,68c720b5,8
Diego,Marshall Munetsi,b85a5126,2acf0cd7,8
Diego,Johannes Eggestein,b85a5126,d571df78,8
Thijs Dallinga,Marcos André,b70afb45,ae86d473,8
Johannes Eggestein,Miguel,d571df78,6763373d,8
Johannes Eggestein,Unai Gómez,d571df78,37db6cae,8
Johannes Eggestein,Antonio Sanabria,d571df78,0a447501,8
Paul Wanner,Alejandro Jiménez,cb64672e,faa13947,8
Paul Wanner,Domingos André Ribeiro Almeida,cb64672e,e6697917,8
Paul Wanner,Arthur Atta,cb64672e,d3ddf88b,8
Paul Wanner,Tomáš Suslov,cb64672e,83fe71b8,8
Jonathan Burkardt,Boulaye Dia,05f99a4a,244bc2c8,8
Jonathan Burkardt,Lorenzo Lucca,05f99a4a,83c06f3a,8
Jonathan Burkardt,Kiké,05f99a4a,e897d8ba,8
Jonathan Burkardt,Jørgen Strand Larsen,05f99a4a,f553b2b3,8
Jonathan Burkardt,Jonathan David,05f99a4a,ce50fd99,8
Jonathan Burkardt,Arnaud Kalimuendo,05f99a4a,bf4c41f9,8
Moise Kean,Victor Boniface,3d50bcdb,b146275b,8
Moise Kean,Benjamin Šeško,3d50bcdb,3260690c,8
Yoane Wissa,Álvaro Morata,2500cef9,129af0db,8
Mohamed Ali Cho,Ander Barrenetxea,f8405304,200e89e1,8
Tammy Abraham,Miguel,f586779e,6763373d,8
Tammy Abraham,Marshall Munetsi,f586779e,2acf0cd7,8
Musa Al-Taamari,Yann Karamoh,f15f8b2b,8b66d9cc,8
Musa Al-Taamari,Alex Sola,f15f8b2b,5fa714d5,8
Musa Al-Taamari,Moritz Broschinski,f15f8b2b,bbd79358,8
Musa Al-Taamari,Kamaldeen Sulemana,f15f8b2b,a62f8bf1,8
Musa Al-Taamari,Pontus Almqvist,f15f8b2b,0917188a,8
Musa Al-Taamari,Giorgos Masouras,f15f8b2b,9d689a5b,8
Patrick Dorgu,Alejandro Jiménez,e6536124,faa13947,8
Patrick Dorgu,Adama Boiro,e6536124,e7992f7b,8
Patrick Dorgu,Lilian Raolisoa,e6536124,79a793b7,8
Patrick Dorgu,Adrià Altimira,e6536124,757a3431,8
Patrick Dorgu,Nicolás Domínguez,e6536124,20b3a502,8
Patrick Dorgu,Giuseppe Pezzella,e6536124,149c5f5d,8
Patrick Dorgu,Aitor Ruibal,e6536124,a55d8df5,8
David Neres,Bryan Zaragoza,4f1e6a0b,a96103b2,8
Marshall Munetsi,Marcos André,2acf0cd7,ae86d473,8
Marshall Munetsi,Miguel,2acf0cd7,6763373d,8
Marshall Munetsi,Alejo Véliz,2acf0cd7,3f7bafbe,8
Gerrit Holtmann,Alessandro Zanoli,2979c05a,3b12b11f,8
Andrea Cambiaso,Leonardo Spinazzola,247ed022,3626daea,8
Andrea Cambiaso,Pablo Fornals,247ed022,82927de4,8
Takuma Asano,Nathan Tella,13ddc856,f1e94cd6,8
Takuma Asano,Marshall Munetsi,13ddc856,2acf0cd7,8
Chris Führich,Angelo Fulgini,0cf778df,4b96c347,8
Anass Zaroury,Domingos André Ribeiro Almeida,07d65234,e6697917,8
Anass Zaroury,Danel Sinani,07d65234,96ddfa79,8
Sergi Darder,Christopher Operi,070a3904,914bb955,8
Sergi Darder,Fares Chaïbi,070a3904,357103bd,8
Cameron Archer,Adam Armstrong,05e8ca6d,68c720b5,8
Jeremy Doku,Sávio,fffea3e5,fe6e7156,8
Vitinha,Alex Sola,74d4cec6,5fa714d5,8
Iván Sánchez,Gavi,70107d4d,19cae58d,8
Iván Sánchez,Bilal El Khannouss,70107d4d,f7042636,8
Andrea Colpani,Florian Sotoca,6499048c,7a42d0df,8
Manuel Fuster,Pablo Fornals,618f396a,82927de4,8
David Neres,Sávio,4f1e6a0b,fe6e7156,8
Alexander Sørloth,Paul Onuachu,e92cd3f7,c06d1086,8
Alexander Sørloth,Frank Magri,e92cd3f7,42fdb11d,8
Alexander Sørloth,Phillip Tietz,e92cd3f7,3397e7b5,8
Chris Wood,Johannes Eggestein,4e9a0555,d571df78,8
Chris Wood,Casper Tengstedt,4e9a0555,ff2fb007,8
Chris Wood,Roberto Férnandez,4e9a0555,c981fc98,8
Chris Wood,Cyle Larin,4e9a0555,e7af9060,8
Chris Wood,Beto,4e9a0555,ed5c0319,8
Chris Wood,Boulaye Dia,4e9a0555,244bc2c8,8
Chris Wood,Hugo Duro,4e9a0555,37e103f8,8
Derrick Köhn,Giuseppe Pezzella,b735b590,149c5f5d,8
Derrick Köhn,Keane Lewis-Potter,b735b590,41f08ac8,8
Derrick Köhn,Leonardo Spinazzola,b735b590,3626daea,8
Yassine Kechta,Domingos André Ribeiro Almeida,abefc3af,e6697917,8
Yassine Kechta,Yunus Musah,abefc3af,b51b1b9c,8
Yassine Kechta,Nicolás Domínguez,abefc3af,20b3a502,8
Yassine Kechta,Wahbi Khazri,abefc3af,2677a1de,8
Yassine Kechta,Óscar Rodríguez Arnaiz,abefc3af,19709006,8
Yassine Kechta,Jim Allevinah,abefc3af,1956b948,8
Junior Adamu,Miguel,82e12fe7,6763373d,8
Junior Adamu,Alejo Véliz,82e12fe7,3f7bafbe,8
Mathys Tel,Ander Barrenetxea,829aa60c,200e89e1,8
Mathys Tel,Coba da Costa,829aa60c,0b3358f0,8
Mathys Tel,Pontus Almqvist,829aa60c,0917188a,8
Mathys Tel,Mama Samba Baldé,829aa60c,fb14aa28,8
Pablo Fornals,Leonardo Spinazzola,82927de4,3626daea,8
Mama Samba Baldé,Pontus Almqvist,fb14aa28,0917188a,8
Jesus Rodríguez,Jeremie Boga,f9f74e43,fe012aca,8
Jesus Rodríguez,Kamaldeen Sulemana,f9f74e43,a62f8bf1,8
Emmanuel Gyasi,Adrià Altimira,f9758dae,757a3431,8
Viktor Tsyhankov,Valentino Lazaro,f7e87032,016ff750,8
Bilal El Khannouss,John McGinn,f7042636,90f91999,8
Bilal El Khannouss,Leonardo Spinazzola,f7042636,3626daea,8
Farid El Melali,Kamaldeen Sulemana,d21e361a,a62f8bf1,8
Anuar,Adrià Altimira,c93231dc,757a3431,8
Anuar,Giuseppe Pezzella,c93231dc,149c5f5d,8
Tyler Dibling,Jack Clarke,bdcc89ae,e16932d8,8
Tyler Dibling,Arthur Atta,bdcc89ae,d3ddf88b,8
Tyler Dibling,Roberto Navarro,bdcc89ae,c997b942,8
Tyler Dibling,Jack Harrison,bdcc89ae,aa849a12,8
Tyler Dibling,Jacob Ramsey,bdcc89ae,1544f145,8
Derrick Köhn,Pep Chavarría,b735b590,63c5e56b,8
Fares Chaïbi,Carles Aleñá,357103bd,6c811eb7,8
Fares Chaïbi,John McGinn,357103bd,90f91999,8
Ander Barrenetxea,Joe Willock,200e89e1,a3b03921,8
Ander Barrenetxea,Eren Dinkçi,200e89e1,4ccd8957,8
Ander Barrenetxea,John Yeboah,200e89e1,8dfdc6c3,8
Óscar Rodríguez Arnaiz,Wahbi Khazri,19709006,2677a1de,8
Jim Allevinah,Jack Harrison,1956b948,aa849a12,8
Jacob Ramsey,Jack Clarke,1544f145,e16932d8,8
Jacob Ramsey,Antoniu,1544f145,af784a9e,8
Jacob Ramsey,Joe Willock,1544f145,a3b03921,8
Jacob Ramsey,John McGinn,1544f145,90f91999,8
Pontus Almqvist,Alex Sola,0917188a,5fa714d5,8
Pontus Almqvist,Ander Barrenetxea,0917188a,200e89e1,8
Pontus Almqvist,Coba da Costa,0917188a,0b3358f0,8
Mama Samba Baldé,Alex Sola,fb14aa28,5fa714d5,8
Mama Samba Baldé,Ander Barrenetxea,fb14aa28,200e89e1,8
Ante Budimir,Romelu Lukaku,8f3565b3,5eae500a,8
Ante Budimir,Serhou Guirassy,8f3565b3,923f4dda,8
Alieu Fadera,Alejandro Jiménez,53210e42,faa13947,8
Keane Lewis-Potter,Adama Boiro,41f08ac8,e7992f7b,8
Keane Lewis-Potter,Aitor Ruibal,41f08ac8,a55d8df5,8
Alejo Véliz,Jordan Pefok,3f7bafbe,b684a484,8
Ousmane Dembélé,Rayan Cherki,b19db005,b34c63a5,8
Ousmane Dembélé,Lamine Yamal,b19db005,82ec26c1,8
Ousmane Dembélé,Florian Wirtz,b19db005,e7fcf289,8
Ousmane Dembélé,Vinicius Júnior,b19db005,7111d552,8
Serhou Guirassy,Alejo Véliz,923f4dda,3f7bafbe,8
Serhou Guirassy,Milan Đurić,923f4dda,405f6586,8
Serhou Guirassy,Cyle Larin,923f4dda,e7af9060,8
Serhou Guirassy,Dominic Solanke,923f4dda,e77dc3b2,8
Serhou Guirassy,Myron Boadu,923f4dda,5b479568,8
Serhou Guirassy,Jamie Vardy,923f4dda,45963054,8
Aitor Ruibal,Giuseppe Pezzella,a55d8df5,149c5f5d,8
John McGinn,Yunus Musah,90f91999,b51b1b9c,8
John Yeboah,Joe Willock,8dfdc6c3,a3b03921,8
John Yeboah,Jeremie Boga,8dfdc6c3,fe012aca,8
Serhou Guirassy,Borja Iglesias,923f4dda,75645f0e,8
Serhou Guirassy,Hugo Duro,923f4dda,37e103f8,8
Serhou Guirassy,Artem Dovbyk,923f4dda,5b847bb0,8
Serhou Guirassy,Jean-Philippe Mateta,923f4dda,50e6dc35,8
Serhou Guirassy,Ermedin Demirović,923f4dda,ed79b7d3,8
Serhou Guirassy,Jonathan David,923f4dda,ce50fd99,8
Ante Budimir,Alejo Véliz,8f3565b3,3f7bafbe,8
Ante Budimir,Paul Onuachu,8f3565b3,c06d1086,8
Ante Budimir,Frank Magri,8f3565b3,42fdb11d,8
Ante Budimir,Joel Pohjanpalo,8f3565b3,ea003d07,8
Ante Budimir,Phillip Tietz,8f3565b3,3397e7b5,8
Ante Budimir,Loïs Openda,8f3565b3,8652a85c,8
Giuseppe Pezzella,Pep Chavarría,149c5f5d,63c5e56b,8
Carlos Soler,Khalil Fayad,fed17f5a,faf00ab8,8
Carlos Soler,Christopher Operi,fed17f5a,914bb955,8
Carlos Soler,Adrià Altimira,fed17f5a,757a3431,8
Carlos Soler,Nicolás Domínguez,fed17f5a,20b3a502,8
Adri Embarba,Domingos André Ribeiro Almeida,db8f0eba,e6697917,8
Roberto Navarro,Morten Thorsby,c997b942,d1b49282,8
Roberto Navarro,Antoniu,c997b942,af784a9e,8
Roberto Navarro,Tomáš Suslov,c997b942,83fe71b8,8
Roberto Navarro,Adri Embarba,c997b942,db8f0eba,8
Moritz Broschinski,Yann Karamoh,bbd79358,8b66d9cc,8
Jack Harrison,Adri Embarba,aa849a12,db8f0eba,8
Kamaldeen Sulemana,Yann Karamoh,a62f8bf1,8b66d9cc,8
Aitor Ruibal,Marvin,a55d8df5,efaefda0,8
Aitor Ruibal,Loïc Nego,a55d8df5,c3b6fa1e,8
Aitor Ruibal,Adrià Altimira,a55d8df5,757a3431,8
Adrià Altimira,Alejandro Jiménez,757a3431,faa13947,8
Mateo Retegui,Gaëtan Laborde,e7695e6c,7cdda3bf,8
Adrià Altimira,Adama Boiro,757a3431,e7992f7b,8
Adrià Altimira,Loïc Nego,757a3431,c3b6fa1e,8
Adrià Altimira,Christopher Operi,757a3431,914bb955,8
Adrià Altimira,Lilian Raolisoa,757a3431,79a793b7,8
Carles Aleñá,Yunus Musah,6c811eb7,b51b1b9c,8
Pep Chavarría,Alejandro Jiménez,63c5e56b,faa13947,8
Erling Haaland,Artem Dovbyk,1f44ac21,5b847bb0,8
Erling Haaland,Jean-Philippe Mateta,1f44ac21,50e6dc35,8
Erling Haaland,Jonathan David,1f44ac21,ce50fd99,8
Erling Haaland,Alexander Sørloth,1f44ac21,e92cd3f7,8
Erling Haaland,Serhou Guirassy,1f44ac21,923f4dda,8
Alexander Isak,Georges Mikautadze,8e92be30,4788cb6b,8
Mateo Retegui,Jonathan Burkardt,e7695e6c,05f99a4a,8
Jesper Lindstrøm,Eren Dinkçi,37dc1a48,4ccd8957,8
Eren Dinkçi,Morten Thorsby,4ccd8957,d1b49282,8
Patrik Schick,Chris Wood,5d4f7d61,4e9a0555,8
Mason Greenwood,Dani Olmo,58eee997,ae44e8e2,8
Mason Greenwood,Ademola Lookman,58eee997,7c104bb7,8
Erling Haaland,Phillip Tietz,1f44ac21,3397e7b5,8
Erling Haaland,Gonçalo Ramos,1f44ac21,f63cda26,8
Lilian Raolisoa,Khalil Fayad,79a793b7,faf00ab8,8
Lilian Raolisoa,Adama Boiro,79a793b7,e7992f7b,8
Lilian Raolisoa,Loïc Nego,79a793b7,c3b6fa1e,8
Lilian Raolisoa,Christopher Operi,79a793b7,914bb955,8
Adrià Altimira,Khalil Fayad,757a3431,faf00ab8,8
Mateo Retegui,Chris Wood,e7695e6c,4e9a0555,8
Robert Lewandowski,Gonçalo Ramos,8d78e732,f63cda26,8
Robert Lewandowski,Moise Kean,8d78e732,3d50bcdb,8
Mohamed Salah,Mason Greenwood,e342ad68,58eee997,8
Kylian Mbappé,Vinicius Júnior,42fd9c7f,7111d552,8
