,,,,,,,,,Playing Time,Playing Time,Playing Time,Playing Time,Playing Time,Playing Time,Performance,Performance,Performance,Performance,Performance,Performance,Performance,Expected,Expected,Expected,Expected,Expected,Expected,Expected,Expected,Expected,Expected,Standard,Standard,Standard,Standard,Standard,Standard,Standard,,-additional
Rk,Player,xG,Min,Season,Age,Nation,Team,Comp,MP,Min,90s,Starts,Subs,unSub,Gls,Ast,G+A,G-PK,PK,PKatt,PKm,xG,npxG,xAG,xG+xAG,xA,npxG+xAG,G-xG,np:G-xG,A-xAG,npxG/Sh,Sh,G/Sh,G/SoT,SoT,SoT%,Dist,FK,Pos,-9999
1,Robert Lewandowski,27.1,2667,2024-2025,35,pl POL,Barcelona,es La Liga,34,2667,29.6,32,2,2,27,2,29,24,3,4,1,27.1,24.0,2.3,29.5,1.5,26.3,-0.1,0.0,-0.3,0.22,111,0.22,0.53,45,40.5,13.2,5,FW,8d78e732
2,Kylian Mbappé,25.9,2907,2024-2025,25,fr FRA,Real Madrid,es La Liga,34,2907,32.3,34,0,0,31,3,34,24,7,9,2,25.9,18.6,7.7,33.5,6.6,26.3,+5.1,+5.4,-4.7,0.12,152,0.16,0.32,75,49.3,17.3,3,FW,42fd9c7f
3,Mohamed Salah,25.2,3371,2024-2025,32,eg EGY,Liverpool,eng Premier League,38,3371,37.5,38,0,0,29,18,47,20,9,9,0,25.2,18.2,14.2,39.4,9.1,32.4,+3.8,+1.8,+3.8,0.15,121,0.17,0.40,50,41.3,14.5,1,FW,e342ad68
4,Serhou Guirassy,22.7,2598,2024-2025,28,gn GUI,Dortmund,de Bundesliga,30,2598,28.9,29,1,0,21,4,25,18,3,4,1,22.7,19.6,3.9,26.6,3.1,23.5,-1.7,-1.6,+0.1,0.23,86,0.21,0.55,33,38.4,12.1,1,FW,923f4dda
5,Erling Haaland,22.0,2736,2024-2025,24,no NOR,Manchester City,eng Premier League,31,2736,30.4,31,0,1,22,3,25,19,3,4,1,22.0,18.8,3.0,25.0,2.0,21.8,0.0,+0.2,0.0,0.19,104,0.18,0.35,55,52.9,12.3,1,FW,1f44ac21
6,Hugo Ekitike,21.6,2563,2024-2025,22,fr FRA,Eint Frankfurt,de Bundesliga,33,2563,28.5,31,2,0,15,8,23,14,1,3,2,21.6,19.3,6.8,28.3,5.4,26.0,-6.6,-5.3,+1.2,0.17,114,0.12,0.32,44,38.6,15.3,1,FW,5b92d896
7,Harry Kane,20.3,2381,2024-2025,31,eng ENG,Bayern Munich,de Bundesliga,31,2381,26.5,28,3,0,26,9,35,17,9,9,0,20.3,13.3,5.3,25.6,5.6,18.6,+5.7,+3.7,+3.7,0.13,105,0.16,0.38,45,42.9,16.3,6,FW,21a66f6a
8,Alexander Isak,20.3,2756,2024-2025,24,se SWE,Newcastle Utd,eng Premier League,34,2756,30.6,34,0,0,23,6,29,19,4,4,0,20.3,17.2,4.3,24.7,3.6,21.6,+2.7,+1.8,+1.7,0.18,95,0.20,0.46,41,43.2,14.5,3,FW,8e92be30
9,Moise Kean,19.4,2704,2024-2025,24,it ITA,Fiorentina,it Serie A,32,2704,30.0,31,1,0,19,3,22,18,1,2,1,19.4,17.9,1.9,21.3,1.1,19.7,-0.4,+0.1,+1.1,0.18,103,0.17,0.37,49,47.6,15.0,0,FW,3d50bcdb
10,Raphinha,19.2,2839,2024-2025,27,br BRA,Barcelona,es La Liga,36,2839,31.5,32,4,1,18,9,27,16,2,2,0,19.2,17.6,12.7,31.9,10.1,30.3,-1.2,-1.6,-3.7,0.16,112,0.14,0.40,40,35.7,19.1,18,FWMF,3423f250
11,Mateo Retegui,18.9,2383,2024-2025,25,it ITA,Atalanta,it Serie A,36,2383,26.5,32,4,0,25,8,33,21,4,5,1,18.9,14.9,4.9,23.8,2.2,19.8,+6.1,+6.1,+3.1,0.15,99,0.21,0.66,32,32.3,12.8,2,FW,e7695e6c
12,Yoane Wissa,18.5,2919,2024-2025,27,cd COD,Brentford,eng Premier League,35,2919,32.4,34,1,0,19,4,23,19,0,0,0,18.5,18.5,2.6,21.1,1.8,21.1,+0.5,+0.5,+1.4,0.21,90,0.21,0.46,41,45.6,13.2,0,FW,2500cef9
13,Ante Budimir,18.3,2952,2024-2025,33,hr CRO,Osasuna,es La Liga,38,2952,32.8,34,4,0,21,4,25,13,8,8,0,18.3,12.3,1.7,20.0,1.2,13.9,+2.7,+0.7,+2.3,0.14,91,0.14,0.45,29,31.9,13.3,0,FW,8f3565b3
14,Cole Palmer,17.3,3191,2024-2025,22,eng ENG,Chelsea,eng Premier League,37,3191,35.5,36,1,0,15,8,23,11,4,5,1,17.3,13.3,10.9,28.1,9.1,24.2,-2.3,-2.3,-2.9,0.11,121,0.09,0.25,44,36.4,20.4,12,MFFW,dc7f8a28
15,Emanuel Emegha,17.0,2293,2024-2025,21,nl NED,Strasbourg,fr Ligue 1,27,2293,25.5,27,0,0,14,3,17,14,0,0,0,17.0,17.0,2.4,19.4,0.7,19.4,-3.0,-3.0,+0.6,0.28,61,0.23,0.40,35,57.4,12.5,0,FW,a0c590b9
16,Alexander Sørloth,16.8,1566,2024-2025,28,no NOR,Atlético Madrid,es La Liga,35,1566,17.4,15,20,2,20,2,22,19,1,1,0,16.8,16.0,1.6,18.4,0.7,17.6,+3.2,+3.0,+0.4,0.21,78,0.24,0.48,40,51.3,12.0,0,FW,e92cd3f7
17,Ousmane Dembélé,16.6,1730,2024-2025,27,fr FRA,Paris S-G,fr Ligue 1,29,1730,19.2,20,9,1,21,6,27,20,1,1,0,16.6,15.8,8.2,24.8,7.2,24.0,+4.4,+4.2,-2.2,0.16,96,0.21,0.41,49,51.0,16.0,0,FW,b19db005
18,Mason Greenwood,16.3,2804,2024-2025,22,eng ENG,Marseille,fr Ligue 1,34,2804,31.2,32,2,0,21,5,26,14,7,9,2,16.3,9.1,5.7,22.0,7.8,14.8,+4.7,+4.9,-0.7,0.08,111,0.13,0.31,45,40.5,19.8,3,FWMF,58eee997
19,Alexandre Lacazette,16.3,2051,2024-2025,33,fr FRA,Lyon,fr Ligue 1,30,2051,22.8,24,6,0,15,2,17,10,5,6,1,16.3,11.7,3.4,19.6,4.9,15.0,-1.3,-1.7,-1.4,0.22,53,0.19,0.32,31,58.5,13.5,1,FW,9dbb75ca
20,Jonathan David,16.2,2554,2024-2025,24,ca CAN,Lille,fr Ligue 1,32,2554,28.4,28,4,0,16,5,21,10,6,7,1,16.2,10.7,4.4,20.6,3.2,15.1,-0.2,-0.7,+0.6,0.16,66,0.15,0.36,28,42.4,15.3,0,FW,ce50fd99
21,Ollie Watkins,15.3,2598,2024-2025,28,eng ENG,Aston Villa,eng Premier League,38,2598,28.9,31,7,0,16,8,24,14,2,2,0,15.3,13.8,3.3,18.7,2.1,17.1,+0.7,+0.2,+4.7,0.17,82,0.17,0.39,36,43.9,12.1,0,FW,aed3a70f
22,Arnaud Kalimuendo,14.9,2578,2024-2025,22,fr FRA,Rennes,fr Ligue 1,33,2578,28.6,31,2,0,17,3,20,12,5,8,3,14.9,8.9,2.0,17.0,2.1,10.9,+2.1,+3.1,+1.0,0.13,68,0.18,0.41,29,42.6,16.7,1,FWMF,bf4c41f9
23,Jonathan Burkardt,14.8,2109,2024-2025,24,de GER,Mainz 05,de Bundesliga,29,2109,23.4,28,1,0,18,2,20,16,2,2,0,14.8,13.2,3.1,17.9,2.7,16.3,+3.2,+2.8,-1.1,0.19,70,0.23,0.57,28,40.0,13.6,0,FW,05f99a4a
24,Omar Marmoush,14.3,2623,2024-2025,25,eg EGY,2 Teams,2 Comps,33,2623,29.1,31,2,0,22,9,31,20,2,2,0,14.3,12.8,9.0,8.3,6.3,21.8,+7.7,+7.2,0.0,0.10,124,0.16,0.39,51,41.1,18.3,13,FWMF,0e0102eb
25,Julián Álvarez,14.1,2509,2024-2025,24,ar ARG,Atlético Madrid,es La Liga,37,2509,27.9,30,7,0,17,4,21,13,4,4,0,14.1,11.0,5.3,19.5,5.3,16.3,+2.9,+2.0,-1.3,0.16,70,0.19,0.36,36,51.4,18.3,5,FW,15ab5a2b
26,Ermedin Demirović,14.1,1855,2024-2025,26,ba BIH,Stuttgart,de Bundesliga,34,1855,20.6,20,14,0,15,1,16,15,0,2,2,14.1,12.4,1.9,16.1,1.7,14.3,+0.9,+2.6,-0.9,0.19,64,0.23,0.56,27,42.2,11.3,0,FW,ed79b7d3
27,Tim Kleindienst,13.6,2737,2024-2025,28,de GER,Gladbach,de Bundesliga,31,2737,30.4,31,0,0,16,7,23,15,1,2,1,13.6,11.9,6.2,19.8,4.0,18.0,+2.4,+3.1,+0.8,0.16,73,0.21,0.42,36,49.3,12.9,0,FW,258a6f4d
28,Jean-Philippe Mateta,13.6,2648,2024-2025,27,fr FRA,Crystal Palace,eng Premier League,37,2648,29.4,33,4,0,14,2,16,12,2,2,0,13.6,12.0,3.2,16.8,2.3,15.2,+0.4,0.0,-1.2,0.18,68,0.18,0.41,29,42.6,15.5,0,FW,50e6dc35
29,Gonçalo Ramos,13.6,1066,2024-2025,23,pt POR,Paris S-G,fr Ligue 1,22,1066,11.8,12,10,0,10,3,13,8,2,3,1,13.6,11.3,2.2,15.8,1.4,13.4,-3.6,-3.3,+0.8,0.22,52,0.15,0.28,29,55.8,11.3,0,FW,f63cda26
30,Lautaro Martínez,13.5,2564,2024-2025,26,ar ARG,Inter,it Serie A,31,2564,28.5,31,0,1,12,3,15,12,0,0,0,13.5,13.5,4.3,17.8,4.3,17.8,-1.5,-1.5,-1.3,0.13,102,0.12,0.35,34,33.3,13.8,0,FW,f7036e1c
31,Chris Wood,13.4,2959,2024-2025,32,nz NZL,Nott'ham Forest,eng Premier League,36,2959,32.9,35,1,0,20,3,23,17,3,3,0,13.4,11.0,2.6,16.0,1.5,13.6,+6.6,+6.0,+0.4,0.17,65,0.26,0.53,32,49.2,13.5,0,FW,4e9a0555
32,Bradley Barcola,13.4,2181,2024-2025,21,fr FRA,Paris S-G,fr Ligue 1,34,2181,24.2,27,7,0,14,10,24,14,0,0,0,13.4,13.4,10.1,23.5,5.9,23.5,+0.6,+0.6,-0.1,0.18,74,0.19,0.37,38,51.4,13.2,0,FW,a0d55a09
33,Valentín Castellanos,13.4,2384,2024-2025,25,ar ARG,Lazio,it Serie A,29,2384,26.5,28,1,2,10,3,13,8,2,3,1,13.4,11.3,3.6,17.0,2.6,14.9,-3.4,-3.3,-0.6,0.11,105,0.08,0.22,36,34.3,16.8,3,FW,da76bab4
34,Romelu Lukaku,13.0,2843,2024-2025,31,be BEL,Napoli,it Serie A,36,2843,31.6,35,1,0,14,10,24,11,3,4,1,13.0,9.8,4.0,17.0,2.6,13.8,+1.0,+1.2,+6.0,0.17,60,0.18,0.55,20,33.3,14.3,1,FW,5eae500a
35,Roberto Piccoli,12.7,3127,2024-2025,23,it ITA,Cagliari,it Serie A,37,3127,34.7,37,0,0,10,1,11,9,1,1,0,12.7,12.0,0.9,13.7,0.5,12.9,-2.7,-3.0,+0.1,0.12,97,0.09,0.32,28,28.9,13.1,1,FW,1cadaf34
36,Patrik Schick,12.7,1684,2024-2025,28,cz CZE,Leverkusen,de Bundesliga,31,1684,18.7,19,12,2,21,0,21,20,1,1,0,12.7,11.9,0.6,13.2,0.9,12.5,+8.3,+8.1,-0.6,0.17,68,0.29,0.63,32,47.1,11.8,0,FW,5d4f7d61
37,Ayoze Pérez,12.7,1970,2024-2025,31,es ESP,Villarreal,es La Liga,30,1970,21.9,22,8,0,19,2,21,19,0,0,0,12.7,12.7,3.0,15.7,1.9,15.7,+6.3,+6.3,-1.0,0.18,75,0.25,0.61,31,41.3,14.2,0,FW,819aa8e7
38,Thierno Barry,12.5,2323,2024-2025,21,fr FRA,Villarreal,es La Liga,35,2323,25.8,25,10,0,11,4,15,10,1,1,0,12.5,11.7,2.9,15.4,2.0,14.6,-1.5,-1.7,+1.1,0.17,71,0.14,0.42,24,33.8,12.0,0,FW,52c3244b
39,Evanilson,12.5,2319,2024-2025,24,br BRA,Bournemouth,eng Premier League,31,2319,25.8,28,3,1,10,1,11,10,0,1,1,12.5,11.7,1.9,14.3,1.8,13.6,-2.5,-1.7,-0.9,0.16,72,0.14,0.32,31,43.1,12.8,0,FW,6f3cc2fe
40,Bryan Mbeumo,12.3,3414,2024-2025,24,cm CMR,Brentford,eng Premier League,38,3414,37.9,38,0,0,20,7,27,15,5,6,1,12.3,7.5,8.3,20.6,9.3,15.9,+7.7,+7.5,-1.3,0.10,79,0.19,0.44,34,43.0,17.9,6,FW,6afaebf2
41,Dušan Vlahović,12.3,1784,2024-2025,24,rs SRB,Juventus,it Serie A,29,1784,19.8,21,8,3,10,4,14,6,4,4,0,12.3,9.2,1.3,13.6,0.9,10.5,-2.3,-3.2,+2.7,0.13,73,0.08,0.24,25,34.2,15.9,7,FW,79443529
42,Nicolas Jackson,12.3,2220,2024-2025,23,sn SEN,Chelsea,eng Premier League,30,2220,24.7,28,2,1,10,5,15,10,0,0,0,12.3,12.3,4.3,16.6,1.9,16.6,-2.3,-2.3,+0.7,0.16,76,0.13,0.29,34,44.7,12.9,0,FW,9c36ed83
43,Nikola Krstović,12.1,3057,2024-2025,24,me MNE,Lecce,it Serie A,37,3057,34.0,37,0,0,11,5,16,9,2,3,1,12.1,9.7,2.9,14.9,1.7,12.6,-1.1,-0.7,+2.1,0.07,134,0.07,0.24,38,28.4,18.8,6,FW,473803c9
44,Christian Pulisic,12.0,2478,2024-2025,25,us USA,Milan,it Serie A,34,2478,27.5,29,5,0,11,9,20,8,3,4,1,12.0,8.9,6.4,18.4,6.3,15.2,-1.0,-0.9,+2.6,0.17,53,0.15,0.40,20,37.7,16.7,1,FWMF,1bf33a9a
45,Luis Díaz,12.0,2399,2024-2025,27,co COL,Liverpool,eng Premier League,36,2399,26.7,28,8,2,13,5,18,13,0,0,0,12.0,12.0,5.0,17.1,4.5,17.1,+1.0,+1.0,0.0,0.17,71,0.18,0.43,30,42.3,13.4,0,FW,4a1a9578
46,Amine Gouiri,12.0,2085,2024-2025,24,dz ALG,2 Teams,fr Ligue 1,33,2085,23.2,23,10,0,13,5,18,13,0,0,0,12.0,12.0,4.0,12.1,3.3,16.0,+1.0,+1.0,+1.0,0.15,82,0.16,0.33,40,48.8,15.7,1,FWMF,aad56ca3
47,Raúl Jiménez,12.0,2494,2024-2025,33,mx MEX,Fulham,eng Premier League,38,2494,27.7,30,8,0,12,3,15,9,3,3,0,12.0,9.6,3.3,15.3,2.1,12.9,0.0,-0.6,-0.3,0.10,93,0.10,0.30,30,32.3,14.5,1,FW,b561db50
48,Artem Dovbyk,11.9,2418,2024-2025,27,ua UKR,Roma,it Serie A,32,2418,26.9,27,5,3,12,2,14,10,2,2,0,11.9,10.3,2.4,14.3,1.5,12.7,+0.1,-0.3,-0.4,0.17,61,0.16,0.40,25,41.0,13.7,0,FW,5b847bb0
49,Andrej Kramarić,11.8,2767,2024-2025,33,hr CRO,Hoffenheim,de Bundesliga,32,2767,30.7,32,0,0,11,8,19,8,3,3,0,11.8,9.5,4.3,16.1,5.7,13.7,-0.8,-1.5,+3.7,0.15,66,0.12,0.35,23,34.8,15.8,2,MFFW,603cb947
50,Gaëtan Laborde,11.7,1829,2024-2025,30,fr FRA,Nice,fr Ligue 1,28,1829,20.3,20,8,0,11,4,15,7,4,4,0,11.7,8.6,3.5,15.2,2.6,12.0,-0.7,-1.6,+0.5,0.12,70,0.10,0.35,20,28.6,14.6,0,FW,7cdda3bf
51,Deniz Undav,11.7,1726,2024-2025,28,de GER,Stuttgart,de Bundesliga,27,1726,19.2,20,7,0,9,3,12,9,0,0,0,11.7,11.7,3.6,15.2,3.8,15.2,-2.7,-2.7,-0.6,0.16,75,0.12,0.29,31,41.3,13.9,0,FWMF,dd549382
52,Javi Puado,11.6,2974,2024-2025,26,es ESP,Espanyol,es La Liga,35,2974,33.0,35,0,0,12,4,16,7,5,5,0,11.6,7.7,3.0,14.6,2.1,10.7,+0.4,-0.7,+1.0,0.12,66,0.11,0.37,19,28.8,20.7,0,FWMF,2683eda7
53,Mika Biereth,11.3,1228,2024-2025,21,dk DEN,Monaco,fr Ligue 1,16,1228,13.6,16,0,1,13,2,15,12,1,2,1,11.3,9.7,4.5,15.8,3.2,14.2,+1.7,+2.3,-2.5,0.24,40,0.30,0.55,22,55.0,11.6,0,FW,a1d95db3
54,Jamie Vardy,11.2,2823,2024-2025,37,eng ENG,Leicester City,eng Premier League,35,2823,31.4,35,0,0,9,4,13,8,1,2,1,11.2,9.6,3.0,14.2,2.6,12.6,-2.2,-1.6,+1.0,0.17,56,0.14,0.35,23,41.1,12.1,1,FW,45963054
55,Dominic Solanke,10.9,2201,2024-2025,26,eng ENG,Tottenham,eng Premier League,27,2201,24.5,25,2,1,9,3,12,8,1,1,0,10.9,10.1,2.9,13.9,1.2,13.1,-1.9,-2.1,+0.1,0.17,59,0.14,0.33,24,40.7,12.4,0,FW,e77dc3b2
56,Breel Embolo,10.8,1841,2024-2025,27,ch SUI,Monaco,fr Ligue 1,29,1841,20.5,19,10,5,6,4,10,6,0,0,0,10.8,10.8,5.6,16.4,3.6,16.4,-4.8,-4.8,-1.6,0.21,51,0.12,0.33,18,35.3,10.8,0,FWMF,0b4f388a
57,Brennan Johnson,10.4,2177,2024-2025,23,wls WAL,Tottenham,eng Premier League,33,2177,24.2,24,9,2,11,3,14,11,0,0,0,10.4,10.4,2.3,12.7,2.0,12.7,+0.6,+0.6,+0.7,0.19,54,0.20,0.55,20,37.0,11.4,0,FW,0cd31129
58,Ludovic Ajorque,10.4,2495,2024-2025,30,fr FRA,Brest,fr Ligue 1,31,2495,27.7,29,2,0,13,2,15,13,0,1,1,10.4,9.6,3.1,13.4,1.8,12.7,+2.6,+3.4,-1.1,0.18,53,0.25,0.52,25,47.2,12.1,0,FW,462475ed
59,Vinicius Júnior,10.4,2253,2024-2025,24,br BRA,Real Madrid,es La Liga,30,2253,25.0,24,6,0,11,8,19,9,2,3,1,10.4,8.2,8.0,18.4,7.0,16.2,+0.6,+0.8,0.0,0.11,78,0.12,0.38,24,30.8,17.5,0,FW,7111d552
60,Eberechi Eze,10.4,2588,2024-2025,26,eng ENG,Crystal Palace,eng Premier League,34,2588,28.8,31,3,0,8,8,16,7,1,2,1,10.4,8.9,6.2,16.6,4.7,15.1,-2.4,-1.9,+1.8,0.09,100,0.07,0.26,27,27.0,21.6,16,MFFW,ae4fc6a4
61,Georges Mikautadze,10.3,1449,2024-2025,23,ge GEO,Lyon,fr Ligue 1,34,1449,16.1,13,21,0,11,6,17,8,3,4,1,10.3,7.0,4.3,14.6,3.7,11.4,+0.7,+1.0,+1.7,0.14,52,0.15,0.36,22,42.3,14.1,0,FW,4788cb6b
62,Ademola Lookman,10.3,2247,2024-2025,26,ng NGA,Atalanta,it Serie A,31,2247,25.0,28,3,2,15,5,20,14,1,1,0,10.3,9.5,7.1,17.4,7.9,16.7,+4.7,+4.5,-2.1,0.12,81,0.17,0.44,32,39.5,14.7,0,MFFW,7c104bb7
63,Jørgen Strand Larsen,10.3,2587,2024-2025,24,no NOR,Wolves,eng Premier League,35,2587,28.7,30,5,0,14,4,18,14,0,0,0,10.3,10.3,3.0,13.3,1.0,13.3,+3.7,+3.7,+1.0,0.19,54,0.26,0.42,33,61.1,11.3,0,FW,f553b2b3
64,Leroy Sané,10.2,1637,2024-2025,28,de GER,Bayern Munich,de Bundesliga,30,1637,18.2,17,13,2,11,5,16,11,0,0,0,10.2,10.2,5.5,15.8,6.1,15.8,+0.8,+0.8,-0.5,0.15,67,0.16,0.38,29,43.3,16.6,2,FW,2b114be3
65,Nick Woltemade,10.2,1622,2024-2025,22,de GER,Stuttgart,de Bundesliga,28,1622,18.0,17,11,5,12,2,14,10,2,3,1,10.2,8.0,4.6,14.8,3.4,12.6,+1.8,+2.0,-2.6,0.17,46,0.22,0.43,23,50.0,12.3,0,FWMF,7ca196eb
66,Zakaria Aboukhlal,10.2,1901,2024-2025,24,ma MAR,Toulouse,fr Ligue 1,26,1901,21.1,22,4,0,7,2,9,6,1,2,1,10.2,8.6,1.6,11.8,2.0,10.2,-3.2,-2.6,+0.4,0.14,62,0.10,0.23,26,41.9,14.6,0,MFFW,c2a6033c
67,Dodi Lukebakio,10.1,3092,2024-2025,26,be BEL,Sevilla,es La Liga,38,3092,34.4,36,2,0,11,2,13,10,1,1,0,10.1,9.3,4.5,14.6,4.0,13.8,+0.9,+0.7,-2.5,0.10,93,0.11,0.26,38,40.9,19.2,2,FW,0c61c77c
68,Marvin Ducksch,10.1,2418,2024-2025,30,de GER,Werder Bremen,de Bundesliga,32,2418,26.9,30,2,0,8,8,16,7,1,2,1,10.1,8.5,8.5,18.6,9.1,17.0,-2.1,-1.5,-0.5,0.12,70,0.10,0.26,27,38.6,17.3,8,FW,638a4d71
69,Riccardo Orsolini,10.1,1878,2024-2025,27,it ITA,Bologna,it Serie A,30,1878,20.9,23,7,3,15,4,19,12,3,3,0,10.1,7.8,3.7,13.8,2.9,11.5,+4.9,+4.2,+0.3,0.11,72,0.17,0.48,25,34.7,17.5,6,FW,e14ec482
70,Benjamin Šeško,10.0,2380,2024-2025,21,si SVN,RB Leipzig,de Bundesliga,33,2380,26.4,30,3,0,13,5,18,11,2,2,0,10.0,8.4,2.1,12.0,1.7,10.5,+3.0,+2.6,+2.9,0.13,66,0.17,0.38,29,43.9,17.5,0,FWMF,3260690c
71,Antoine Semenyo,10.0,3203,2024-2025,24,gh GHA,Bournemouth,eng Premier League,37,3203,35.6,36,1,0,11,5,16,11,0,0,0,10.0,10.0,5.8,15.8,4.3,15.8,+1.0,+1.0,-0.8,0.08,125,0.09,0.28,40,32.0,17.0,0,FW,efd2ec23
72,Marcus Thuram,9.9,2290,2024-2025,26,fr FRA,Inter,it Serie A,32,2290,25.4,27,5,3,14,4,18,14,0,0,0,9.9,9.9,4.4,14.3,4.1,14.3,+4.1,+4.1,-0.4,0.15,65,0.22,0.52,27,41.5,13.1,0,FW,6f8cd6d0
73,Mikel Oyarzabal,9.9,2250,2024-2025,27,es ESP,Real Sociedad,es La Liga,35,2250,25.0,28,7,2,9,3,12,5,4,4,0,9.9,6.8,2.4,12.4,1.8,9.2,-0.9,-1.8,+0.6,0.17,39,0.13,0.38,13,33.3,13.4,0,FW,8c3c640c
74,Lamine Yamal,9.8,2856,2024-2025,17,es ESP,Barcelona,es La Liga,35,2856,31.7,31,4,0,9,13,22,9,0,0,0,9.8,9.8,13.9,23.8,11.6,23.8,-0.8,-0.8,-0.9,0.07,144,0.06,0.20,46,31.9,19.4,0,FW,82ec26c1
75,Vedat Muriqi,9.7,2058,2024-2025,30,xk KVX,Mallorca,es La Liga,29,2058,22.9,24,5,0,7,2,9,5,2,3,1,9.7,7.3,2.2,11.8,1.7,9.5,-2.7,-2.3,-0.2,0.14,52,0.10,0.31,16,30.8,12.3,0,FW,0cadc46d
76,Michael Olise,9.7,2334,2024-2025,22,fr FRA,Bayern Munich,de Bundesliga,34,2334,25.9,28,6,0,12,15,27,12,0,0,0,9.7,9.7,12.0,21.7,12.5,21.7,+2.3,+2.3,+3.0,0.11,86,0.14,0.33,36,41.9,17.6,7,FWMF,c4486bac
77,Noni Madueke,9.6,2033,2024-2025,22,eng ENG,Chelsea,eng Premier League,32,2033,22.6,27,5,1,7,3,10,7,0,0,0,9.6,9.6,4.2,13.9,3.2,13.9,-2.6,-2.6,-1.2,0.12,80,0.09,0.23,30,37.5,14.4,0,FW,bf34eebd
78,Danny Welbeck,9.6,2115,2024-2025,33,eng ENG,Brighton,eng Premier League,30,2115,23.5,24,6,0,10,4,14,9,1,1,0,9.6,8.8,1.4,10.9,1.4,10.1,+0.4,+0.2,+2.6,0.15,59,0.15,0.39,23,39.0,15.3,9,FW,ce5143da
79,Kiké,9.6,2542,2024-2025,34,es ESP,Alavés,es La Liga,35,2542,28.2,29,6,2,13,0,13,10,3,3,0,9.6,7.2,0.9,10.5,1.6,8.2,+3.4,+2.8,-0.9,0.12,60,0.17,0.42,24,40.0,15.4,0,FW,e897d8ba
80,Kai Havertz,9.5,1875,2024-2025,25,de GER,Arsenal,eng Premier League,23,1875,20.8,21,2,1,9,3,12,9,0,0,0,9.5,9.5,2.4,12.0,1.7,12.0,-0.5,-0.5,+0.6,0.18,53,0.17,0.43,21,39.6,11.6,0,FWMF,fed7cb61
81,Hugo Duro,9.4,2166,2024-2025,24,es ESP,Valencia,es La Liga,31,2166,24.1,25,6,2,11,2,13,10,1,1,0,9.4,8.6,1.3,10.7,0.5,9.9,+1.6,+1.4,+0.7,0.18,48,0.21,0.63,16,33.3,11.1,1,FW,37e103f8
82,Ange-Yoan Bonny,9.4,2529,2024-2025,20,fr FRA,Parma,it Serie A,37,2529,28.1,30,7,0,6,4,10,4,2,3,1,9.4,7.1,2.9,12.3,2.2,9.9,-3.4,-3.1,+1.1,0.12,61,0.07,0.21,19,31.1,16.7,0,FW,64629ba4
83,Randal Kolo Muani,9.4,1518,2024-2025,25,fr FRA,2 Teams,2 Comps,26,1518,16.9,15,11,4,10,2,12,8,2,2,0,9.4,7.8,2.4,6.3,1.4,10.2,+0.6,+0.2,-0.4,0.19,40,0.20,0.42,19,47.5,12.7,0,FW,c0b3669f
84,Florian Wirtz,9.4,2351,2024-2025,21,de GER,Leverkusen,de Bundesliga,31,2351,26.1,25,6,0,10,12,22,8,2,4,2,9.4,6.1,7.0,16.4,9.4,13.1,+0.6,+1.9,+5.0,0.08,74,0.11,0.23,35,47.3,19.7,1,MFFW,e7fcf289
85,Nicolás Paz,9.3,2687,2024-2025,19,ar ARG,Como,it Serie A,35,2687,29.9,30,5,1,6,8,14,6,0,1,1,9.3,8.5,6.0,15.3,3.9,14.5,-3.3,-2.5,+2.0,0.08,109,0.06,0.16,37,33.9,20.7,12,MFFW,01bb93d5
86,Borja Iglesias,9.3,1952,2024-2025,31,es ESP,Celta Vigo,es La Liga,37,1952,21.7,24,13,1,11,3,14,11,0,0,0,9.3,9.3,3.2,12.6,1.4,12.6,+1.7,+1.7,-0.2,0.20,46,0.24,0.39,28,60.9,13.4,0,FW,75645f0e
87,Liam Delap,9.3,2593,2024-2025,21,eng ENG,Ipswich Town,eng Premier League,37,2593,28.8,32,5,0,12,2,14,10,2,2,0,9.3,7.8,1.9,11.2,1.4,9.7,+2.7,+2.2,+0.1,0.12,66,0.15,0.34,29,43.9,16.0,0,FW,dd897ee7
88,Kaoru Mitoma,9.2,2603,2024-2025,27,jp JPN,Brighton,eng Premier League,36,2603,28.9,28,8,0,10,4,14,10,0,0,0,9.2,9.2,4.6,13.8,4.0,13.8,+0.8,+0.8,-0.6,0.16,57,0.18,0.37,27,47.4,13.9,0,FWMF,74618572
89,Maghnes Akliouche,9.2,2406,2024-2025,22,fr FRA,Monaco,fr Ligue 1,32,2406,26.7,27,5,0,5,10,15,4,1,1,0,9.2,8.4,7.3,16.5,7.8,15.7,-4.2,-4.4,+2.7,0.14,61,0.07,0.24,17,27.9,16.0,2,FWMF,b625b241
90,Evann Guessand,9.2,2565,2024-2025,23,ci CIV,Nice,fr Ligue 1,33,2565,28.5,30,3,1,12,8,20,12,0,0,0,9.2,9.2,5.4,14.6,5.3,14.6,+2.8,+2.8,+2.6,0.15,63,0.19,0.44,27,42.9,12.7,0,FWMF,b73f17f8
91,Keito Nakamura,9.1,2649,2024-2025,24,jp JPN,Reims,fr Ligue 1,32,2649,29.4,31,1,0,11,2,13,11,0,0,0,9.1,9.1,2.9,12.1,3.4,12.1,+1.9,+1.9,-0.9,0.11,84,0.13,0.34,32,38.1,16.8,1,FWMF,d97af612
92,Loïs Openda,9.0,2453,2024-2025,24,be BEL,RB Leipzig,de Bundesliga,33,2453,27.3,28,5,0,9,5,14,9,0,1,1,9.0,8.2,3.4,12.4,2.3,11.6,0.0,+0.8,+1.6,0.11,77,0.12,0.29,31,40.3,16.8,2,FWMF,8652a85c
93,Che Adams,9.0,2652,2024-2025,28,sct SCO,Torino,it Serie A,36,2652,29.5,30,6,1,9,3,12,9,0,1,1,9.0,8.2,2.0,11.0,2.9,10.2,0.0,+0.8,+1.0,0.13,63,0.14,0.36,25,39.7,15.7,0,FW,f2bf1b0f
94,Marvin Pieringer,8.9,2206,2024-2025,24,de GER,Heidenheim,de Bundesliga,31,2206,24.5,26,5,0,7,4,11,4,3,3,0,8.9,6.6,4.0,12.9,2.3,10.6,-1.9,-2.6,0.0,0.12,57,0.07,0.24,17,29.8,15.1,1,FWMF,11407d95
95,João Pedro,8.9,1948,2024-2025,22,br BRA,Brighton,eng Premier League,27,1948,21.6,23,4,0,10,6,16,5,5,5,0,8.9,5.0,5.0,13.9,3.1,10.0,+1.1,0.0,+1.0,0.12,42,0.12,0.33,15,35.7,17.2,0,FWMF,e8832875
96,Takumi Minamino,8.9,2231,2024-2025,29,jp JPN,Monaco,fr Ligue 1,31,2231,24.8,27,4,0,6,3,9,6,0,0,0,8.9,8.9,6.6,15.5,4.8,15.5,-2.9,-2.9,-3.6,0.16,57,0.11,0.30,20,35.1,14.7,0,MFFW,f833a830
97,Fábio Silva,8.8,1866,2024-2025,22,pt POR,Las Palmas,es La Liga,24,1866,20.7,22,2,0,10,3,13,8,2,3,1,8.8,6.4,2.0,10.8,1.8,8.4,+1.2,+1.6,+1.0,0.14,46,0.17,0.40,20,43.5,14.8,0,FW,e7aa9d7c
98,Mohamed Amoura,8.7,2467,2024-2025,24,dz ALG,Wolfsburg,de Bundesliga,31,2467,27.4,29,2,0,10,9,19,8,2,2,0,8.7,7.2,4.0,12.7,3.7,11.2,+1.3,+0.8,+5.0,0.10,73,0.11,0.32,25,34.2,16.8,0,FW,6597f8b6
99,Iago Aspas,8.7,1745,2024-2025,36,es ESP,Celta Vigo,es La Liga,30,1745,19.4,19,11,3,10,5,15,5,5,6,1,8.7,4.0,4.6,13.3,3.9,8.6,+1.3,+1.0,+0.4,0.09,46,0.11,0.28,18,39.1,21.3,3,FWMF,7dcf86f6
100,Jarrod Bowen,8.6,2973,2024-2025,27,eng ENG,West Ham,eng Premier League,34,2973,33.0,34,0,0,13,8,21,12,1,1,0,8.6,7.8,6.8,15.4,6.5,14.7,+4.4,+4.2,+1.2,0.09,86,0.14,0.33,36,41.9,17.4,1,FWMF,79c84d1c
101,M'Bala Nzola,8.6,1460,2024-2025,27,ao ANG,Lens,fr Ligue 1,21,1460,16.2,16,5,1,6,1,7,6,0,0,0,8.6,8.6,1.3,9.9,0.9,9.9,-2.6,-2.6,-0.3,0.19,47,0.13,0.33,18,38.3,12.1,0,FW,a4948e67
102,Matheus Cunha,8.6,2597,2024-2025,25,br BRA,Wolves,eng Premier League,33,2597,28.9,29,4,0,15,6,21,15,0,0,0,8.6,8.6,7.7,16.4,5.3,16.4,+6.4,+6.4,-1.7,0.08,110,0.14,0.34,44,40.0,20.5,12,MFFW,dc62b55d
103,Matthis Abline,8.5,2768,2024-2025,21,fr FRA,Nantes,fr Ligue 1,34,2768,30.8,33,1,0,9,2,11,8,1,1,0,8.5,7.7,3.8,12.3,3.4,11.5,+0.5,+0.3,-1.8,0.11,73,0.11,0.31,26,35.6,15.0,0,FW,0e46fa2f
104,Dango Ouattara,8.4,2005,2024-2025,22,bf BFA,Bournemouth,eng Premier League,32,2005,22.3,21,11,0,7,4,11,7,0,0,0,8.4,8.4,5.5,13.8,3.3,13.8,-1.4,-1.4,-1.5,0.14,62,0.11,0.35,20,32.3,13.5,1,FW,2f9e4435
105,Kevin Schade,8.2,2293,2024-2025,22,de GER,Brentford,eng Premier League,38,2293,25.5,26,12,0,11,2,13,11,0,0,0,8.2,8.2,3.7,11.9,1.8,11.9,+2.8,+2.8,-1.7,0.15,55,0.20,0.41,27,49.1,11.5,0,FW,52afb588
106,Beto,8.2,1534,2024-2025,26,gw GNB,Everton,eng Premier League,30,1534,17.0,15,15,8,8,0,8,8,0,0,0,8.2,8.2,1.2,9.4,0.5,9.4,-0.2,-0.2,-1.2,0.17,49,0.16,0.35,23,46.9,13.1,0,FW,ed5c0319
107,Cristhian Stuani,8.1,1078,2024-2025,37,uy URU,Girona,es La Liga,32,1078,12.0,6,26,6,11,2,13,8,3,3,0,8.1,5.8,0.6,8.7,1.0,6.5,+2.9,+2.2,+1.4,0.19,31,0.26,0.50,16,51.6,12.7,0,FW,220c11f1
108,Florian Thauvin,8.1,1956,2024-2025,31,fr FRA,Udinese,it Serie A,25,1956,21.7,24,1,0,8,3,11,7,1,3,2,8.1,5.7,3.8,12.0,4.7,9.5,-0.1,+1.3,-0.8,0.11,51,0.14,0.30,23,45.1,18.5,3,FWMF,2b9fdeea
109,Zuriko Davitashvili,8.1,2778,2024-2025,23,ge GEO,Saint-Étienne,fr Ligue 1,33,2778,30.9,32,1,0,9,8,17,7,2,2,0,8.1,6.6,4.7,12.9,5.5,11.3,+0.9,+0.4,+3.3,0.10,68,0.10,0.29,24,35.3,19.4,5,FWMF,88b4d2e3
110,Anthony Gordon,8.0,2434,2024-2025,23,eng ENG,Newcastle Utd,eng Premier League,34,2434,27.0,28,6,0,6,5,11,5,1,2,1,8.0,6.5,5.0,13.0,5.1,11.4,-2.0,-1.5,0.0,0.11,57,0.09,0.31,16,28.1,17.0,1,FWMF,2bd83368
111,Ferrán Torres,8.0,1106,2024-2025,24,es ESP,Barcelona,es La Liga,27,1106,12.3,12,15,2,10,6,16,10,0,0,0,8.0,8.0,3.1,11.0,2.6,11.0,+2.0,+2.0,+2.9,0.17,48,0.21,0.45,22,45.8,14.6,2,FWMF,9e1035f8
112,Abde Ezzalzouli,8.0,1984,2024-2025,22,ma MAR,Betis,es La Liga,32,1984,22.0,23,9,1,2,2,4,2,0,1,1,8.0,7.2,2.0,10.0,2.1,9.3,-6.0,-5.2,0.0,0.12,61,0.03,0.08,25,41.0,15.6,1,FWMF,bed68338
113,Diogo Jota,7.9,1196,2024-2025,27,pt POR,Liverpool,eng Premier League,26,1196,13.3,14,12,3,6,3,9,6,0,0,0,7.9,7.9,1.8,9.8,1.1,9.8,-1.9,-1.9,+1.2,0.16,51,0.12,0.46,13,25.5,12.4,0,FW,178ae8f8
114,Vincenzo Grifo,7.9,2432,2024-2025,31,it ITA,Freiburg,de Bundesliga,34,2432,27.0,31,3,0,8,11,19,8,0,3,3,7.9,5.6,6.9,14.8,8.0,12.5,+0.1,+2.4,+4.1,0.09,63,0.13,0.31,26,41.3,20.8,10,FWMF,54e4866f
115,Victor Boniface,7.8,1008,2024-2025,23,ng NGA,Leverkusen,de Bundesliga,19,1008,11.2,12,7,5,8,1,9,8,0,1,1,7.8,7.1,1.1,8.9,1.0,8.1,+0.2,+0.9,-0.1,0.14,50,0.16,0.47,17,34.0,14.5,0,FW,b146275b
116,Andrea Pinamonti,7.7,2850,2024-2025,25,it ITA,Genoa,it Serie A,36,2850,31.7,33,3,1,10,1,11,10,0,1,1,7.7,7.0,1.7,9.4,1.3,8.7,+2.3,+3.0,-0.7,0.09,78,0.13,0.34,29,37.2,16.1,2,FW,08aa9cd1
117,Myron Boadu,7.7,1042,2024-2025,23,nl NED,Bochum,de Bundesliga,19,1042,11.6,11,8,3,9,1,10,8,1,1,0,7.7,6.9,1.1,8.8,1.6,8.0,+1.3,+1.1,-0.1,0.26,27,0.30,0.62,13,48.1,11.7,0,FW,5b479568
118,Maximilian Beier,7.7,1591,2024-2025,21,de GER,Dortmund,de Bundesliga,29,1591,17.7,17,12,1,8,5,13,8,0,0,0,7.7,7.7,3.3,11.0,2.5,11.0,+0.3,+0.3,+1.7,0.18,42,0.19,0.62,13,31.0,12.6,0,FWMF,5db45ee5
119,Lucas Höler,7.7,1867,2024-2025,30,de GER,Freiburg,de Bundesliga,31,1867,20.7,21,10,2,6,4,10,6,0,1,1,7.7,6.9,2.9,10.6,1.7,9.8,-1.7,-0.9,+1.1,0.21,34,0.18,0.35,17,50.0,10.8,0,FWMF,ca618d23
120,Santiago Castro,7.7,2294,2024-2025,19,ar ARG,Bologna,it Serie A,36,2294,25.5,27,9,1,8,4,12,8,0,1,1,7.7,6.9,2.9,10.5,1.5,9.8,+0.3,+1.1,+1.1,0.11,62,0.13,0.40,20,32.3,15.8,0,FW,ee5565ae
121,Rafael Leão,7.6,2323,2024-2025,25,pt POR,Milan,it Serie A,34,2323,25.8,25,9,2,8,8,16,8,0,0,0,7.6,7.6,8.4,15.9,6.2,15.9,+0.4,+0.4,-0.4,0.11,66,0.12,0.28,29,43.9,16.6,0,FW,20730eae
122,Iñaki Williams,7.6,2652,2024-2025,30,gh GHA,Athletic Club,es La Liga,35,2652,29.5,29,6,0,6,8,14,6,0,0,0,7.6,7.6,7.8,15.4,5.0,15.4,-1.6,-1.6,+0.2,0.12,63,0.10,0.25,24,38.1,16.4,0,FW,6a99e0b1
123,Lorenzo Lucca,7.6,2353,2024-2025,23,it ITA,Udinese,it Serie A,33,2353,26.1,27,6,0,12,1,13,11,1,1,0,7.6,6.8,1.6,9.2,0.8,8.4,+4.4,+4.2,-0.6,0.11,64,0.17,0.44,25,39.1,13.6,0,FW,83c06f3a
124,Álvaro García,7.6,2559,2024-2025,31,es ESP,Rayo Vallecano,es La Liga,36,2559,28.4,28,8,0,4,5,9,4,0,0,0,7.6,7.6,5.0,12.6,5.9,12.6,-3.6,-3.6,0.0,0.11,71,0.06,0.15,26,36.6,16.9,0,FWMF,90bbd822
125,Enzo Millot,7.6,1843,2024-2025,22,fr FRA,Stuttgart,de Bundesliga,29,1843,20.5,22,7,2,6,5,11,6,0,1,1,7.6,6.7,3.1,10.7,3.5,9.8,-1.6,-0.7,+1.9,0.16,43,0.14,0.35,17,39.5,16.6,0,MFFW,f76022e7
126,Serge Gnabry,7.5,1242,2024-2025,29,de GER,Bayern Munich,de Bundesliga,27,1242,13.8,13,14,2,7,5,12,7,0,1,1,7.5,6.8,5.1,12.7,4.3,11.9,-0.5,+0.2,-0.1,0.14,48,0.15,0.41,17,35.4,15.7,0,FWMF,88e357ef
127,Joel Pohjanpalo,7.5,1603,2024-2025,29,fi FIN,Venezia,it Serie A,20,1603,17.8,19,1,0,6,0,6,3,3,4,1,7.5,4.3,1.7,9.1,1.0,6.0,-1.5,-1.3,-1.7,0.13,34,0.09,0.23,13,38.2,16.9,0,FW,ea003d07
128,Dani Raba,7.5,1879,2024-2025,28,es ESP,Leganés,es La Liga,29,1879,20.9,24,5,5,8,6,14,4,4,5,1,7.5,3.6,5.3,12.8,4.6,8.9,+0.5,+0.4,+0.7,0.09,39,0.10,0.33,12,30.8,25.5,4,FWMF,ea6a7ab4
129,Gabriel Martinelli,7.4,2290,2024-2025,23,br BRA,Arsenal,eng Premier League,33,2290,25.4,25,8,2,8,4,12,8,0,0,0,7.4,7.4,5.0,12.4,4.7,12.4,+0.6,+0.6,-1.0,0.14,55,0.15,0.33,24,43.6,12.9,0,FWMF,48a5a5d6
130,Alassane Pléa,7.4,1902,2024-2025,31,fr FRA,Gladbach,de Bundesliga,30,1902,21.1,24,6,2,11,4,15,10,1,1,0,7.4,6.6,3.1,10.6,3.3,9.8,+3.6,+3.4,+0.9,0.16,41,0.24,0.83,12,29.3,15.2,1,MFFW,bc6bd723
131,Khvicha Kvaratskhelia,7.4,2094,2024-2025,23,ge GEO,2 Teams,2 Comps,31,2094,23.3,26,5,2,9,6,15,8,1,1,0,7.4,6.6,8.6,7.8,6.8,15.2,+1.6,+1.4,-2.6,0.08,83,0.10,0.26,31,37.3,19.2,5,FWMF,dea88efd
132,Antoine Griezmann,7.4,2469,2024-2025,33,fr FRA,Atlético Madrid,es La Liga,38,2469,27.4,29,9,0,8,7,15,7,1,2,1,7.4,5.9,7.1,14.5,6.5,12.9,+0.6,+1.1,-0.1,0.13,48,0.15,0.41,17,35.4,18.5,5,FWMF,df69b544
133,Charles De Ketelaere,7.3,2070,2024-2025,23,be BEL,Atalanta,it Serie A,36,2070,23.0,25,11,0,7,7,14,7,0,0,0,7.3,7.3,6.0,13.2,4.8,13.2,-0.3,-0.3,+1.0,0.15,48,0.15,0.35,20,41.7,12.2,0,MFFW,2ef7c612
134,Alejandro Garnacho,7.3,2199,2024-2025,20,ar ARG,Manchester Utd,eng Premier League,36,2199,24.4,23,13,0,6,2,8,6,0,0,0,7.3,7.3,4.5,11.8,2.8,11.8,-1.3,-1.3,-2.5,0.09,84,0.07,0.21,29,34.5,17.0,0,MFFW,7aa8adfe
135,Leandro Trossard,7.2,2546,2024-2025,29,be BEL,Arsenal,eng Premier League,38,2546,28.3,28,10,0,8,7,15,8,0,0,0,7.2,7.2,6.1,13.3,4.1,13.3,+0.8,+0.8,+0.9,0.10,72,0.11,0.38,21,29.2,15.9,0,FW,38ceb24a
136,Harvey Barnes,7.2,1755,2024-2025,26,eng ENG,Newcastle Utd,eng Premier League,33,1755,19.5,17,16,1,9,4,13,9,0,0,0,7.2,7.2,4.0,11.2,4.6,11.2,+1.8,+1.8,0.0,0.11,63,0.14,0.45,20,31.7,15.1,0,FW,3ea50f67
137,Son Heung-min,7.2,2110,2024-2025,32,kr KOR,Tottenham,eng Premier League,30,2110,23.4,24,6,0,7,9,16,6,1,2,1,7.2,5.6,8.2,15.4,5.1,13.8,-0.2,+0.4,+0.8,0.10,55,0.11,0.25,24,43.6,17.0,1,FW,92e7e919
138,Cody Gakpo,7.1,1935,2024-2025,25,nl NED,Liverpool,eng Premier League,35,1935,21.5,23,12,0,10,4,14,10,0,0,0,7.1,7.1,4.4,11.5,3.8,11.5,+2.9,+2.9,-0.4,0.12,57,0.18,0.45,22,38.6,15.1,0,FW,1971591f
139,Boulaye Dia,7.1,2177,2024-2025,27,sn SEN,Lazio,it Serie A,35,2177,24.2,27,8,2,9,3,12,9,0,0,0,7.1,7.1,4.2,11.3,1.5,11.3,+1.9,+1.9,-1.2,0.18,39,0.23,0.47,19,48.7,13.3,0,MFFW,244bc2c8
140,Alex Baena,7.1,2595,2024-2025,23,es ESP,Villarreal,es La Liga,32,2595,28.8,30,2,0,7,9,16,7,0,1,1,7.1,6.3,11.7,18.8,12.6,18.1,-0.1,+0.7,-2.7,0.09,69,0.10,0.41,17,24.6,21.0,8,MFFW,518f2234
141,Morgan Guilavogui,7.1,1807,2024-2025,26,gn GUI,St. Pauli,de Bundesliga,25,1807,20.1,21,4,0,6,2,8,6,0,0,0,7.1,7.1,1.9,9.1,2.4,9.1,-1.1,-1.1,+0.1,0.18,41,0.15,0.40,15,36.6,13.6,0,FWMF,79b51257
142,Patrick Cutrone,7.1,2047,2024-2025,26,it ITA,Como,it Serie A,33,2047,22.7,23,10,5,7,4,11,7,0,1,1,7.1,6.3,2.1,9.2,2.1,8.4,-0.1,+0.7,+1.9,0.09,69,0.10,0.27,26,37.7,15.9,0,FW,a4fe8cda
143,Tammy Abraham,7.1,1184,2024-2025,26,eng ENG,2 Teams,it Serie A,29,1184,13.2,12,17,7,3,4,7,2,1,2,1,7.1,5.4,2.2,0.0,1.3,7.6,-4.1,-3.4,+1.8,0.21,26,0.08,0.18,11,42.3,13.4,0,FW,f586779e
144,Benedict Hollerbach,7.0,2540,2024-2025,23,de GER,Union Berlin,de Bundesliga,34,2540,28.2,30,4,0,9,1,10,9,0,0,0,7.0,7.0,1.6,8.6,2.3,8.6,+2.0,+2.0,-0.6,0.09,76,0.12,0.38,24,31.6,16.1,0,FWMF,2a158218
145,Dan Ndoye,7.0,2143,2024-2025,23,ch SUI,Bologna,it Serie A,30,2143,23.8,26,4,1,8,4,12,6,2,2,0,7.0,5.4,3.8,10.8,2.7,9.2,+1.0,+0.6,+0.2,0.11,50,0.12,0.35,17,34.0,17.5,0,FW,8e697a8f
146,Lucas Stassin,7.0,1887,2024-2025,19,be BEL,Saint-Étienne,fr Ligue 1,28,1887,21.0,23,5,0,12,4,16,12,0,0,0,7.0,7.0,3.4,10.5,3.1,10.4,+3.0,+3.0,+0.6,0.18,44,0.27,0.52,23,52.3,14.1,0,FW,a47d6f3a
147,Anastasios Douvikas,6.9,1280,2024-2025,24,gr GRE,2 Teams,2 Comps,33,1280,14.2,12,21,3,5,3,8,5,0,0,0,6.9,6.9,1.4,3.7,0.9,8.3,-1.9,-1.9,+1.6,0.22,31,0.16,0.36,14,45.2,11.7,0,FW,853ca71c
148,Mohammed Kudus,6.9,2590,2024-2025,23,gh GHA,West Ham,eng Premier League,32,2590,28.8,31,1,0,5,3,8,5,0,0,0,6.9,6.9,3.1,10.0,2.7,10.0,-1.9,-1.9,-0.1,0.09,75,0.07,0.24,21,28.0,16.0,0,FWMF,b62878a5
149,Cyle Larin,6.9,1764,2024-2025,29,ca CAN,Mallorca,es La Liga,32,1764,19.6,21,11,4,7,2,9,6,1,1,0,6.9,6.1,1.4,8.3,0.4,7.5,+0.1,-0.1,+0.6,0.16,38,0.16,0.43,14,36.8,11.7,0,FW,e7af9060
150,Bukayo Saka,6.8,1729,2024-2025,22,eng ENG,Arsenal,eng Premier League,25,1729,19.2,20,5,0,6,10,16,5,1,1,0,6.8,6.0,7.6,14.5,7.8,13.7,-0.8,-1.0,+2.4,0.09,66,0.08,0.23,22,33.3,15.6,1,FWMF,bc7dc64d
151,Isaac Romero,6.8,2156,2024-2025,24,es ESP,Sevilla,es La Liga,31,2156,24.0,26,5,1,4,2,6,4,0,1,1,6.8,6.0,2.1,8.9,2.2,8.1,-2.8,-2.0,-0.1,0.11,53,0.08,0.24,17,32.1,16.9,0,FW,be719093
152,Álex Berenguer,6.8,2339,2024-2025,29,es ESP,Athletic Club,es La Liga,36,2339,26.0,28,8,1,6,7,13,6,0,1,1,6.8,6.0,5.0,11.8,4.4,11.0,-0.8,0.0,+2.0,0.12,51,0.12,0.33,18,35.3,18.4,3,FWMF,dc1c2fce
153,Dominic Calvert-Lewin,6.7,1609,2024-2025,27,eng ENG,Everton,eng Premier League,26,1609,17.9,19,7,0,3,1,4,3,0,0,0,6.7,6.7,0.6,7.4,0.7,7.4,-3.7,-3.7,+0.4,0.14,50,0.06,0.16,19,38.0,12.3,0,FW,59e6e5bf
154,Gorka Guruzeta,6.7,1840,2024-2025,27,es ESP,Athletic Club,es La Liga,36,1840,20.4,21,15,1,7,2,9,7,0,0,0,6.7,6.6,1.5,8.2,0.7,8.1,+0.3,+0.4,+0.5,0.11,59,0.12,0.37,19,32.2,13.6,0,FW,6b5ea2f4
155,Daniel Mosquera,6.6,1375,2024-2025,24,co COL,Hellas Verona,it Serie A,35,1375,15.3,12,23,2,5,1,6,5,0,0,0,6.6,6.6,1.3,7.9,0.9,7.9,-1.6,-1.6,-0.3,0.12,57,0.09,0.33,15,26.3,13.5,0,FW,091b9eb8
156,Morgan Rogers,6.6,3114,2024-2025,22,eng ENG,Aston Villa,eng Premier League,37,3114,34.6,37,0,0,8,10,18,8,0,0,0,6.6,6.6,7.8,14.4,5.2,14.4,+1.4,+1.4,+2.2,0.12,55,0.15,0.40,20,36.4,15.9,0,FWMF,2e5915f1
157,Joshua King,6.6,1673,2024-2025,32,no NOR,Toulouse,fr Ligue 1,28,1673,18.6,21,7,0,6,3,9,6,0,0,0,6.6,6.6,2.0,8.7,1.6,8.7,-0.6,-0.6,+1.0,0.13,50,0.12,0.30,20,40.0,15.3,0,FWMF,43458538
158,Daniel Maldini,6.6,1564,2024-2025,22,it ITA,2 Teams,it Serie A,30,1564,17.4,18,12,2,6,0,6,6,0,0,0,6.6,6.6,1.2,5.7,1.4,7.8,-0.6,-0.6,-1.2,0.14,49,0.12,0.33,18,36.7,18.8,5,MFFW,801831fe
159,Diego López,6.6,2737,2024-2025,22,es ESP,Valencia,es La Liga,38,2737,30.4,35,3,0,8,5,13,8,0,0,0,6.6,6.6,5.0,11.6,4.7,11.6,+1.4,+1.4,0.0,0.15,44,0.18,0.57,14,31.8,15.1,0,MFFW,c487901c
160,Ritsu Doan,6.6,2862,2024-2025,26,jp JPN,Freiburg,de Bundesliga,34,2862,31.8,33,1,0,10,7,17,10,0,0,0,6.6,6.6,3.7,10.3,5.9,10.3,+3.4,+3.4,+3.3,0.12,61,0.16,0.48,21,34.4,16.7,1,FWMF,d01bbb6f
161,Lassine Sinayoko,6.5,2299,2024-2025,24,ml MLI,Auxerre,fr Ligue 1,34,2299,25.5,25,9,0,5,8,13,4,1,1,0,6.5,5.7,5.5,12.1,3.4,11.3,-1.5,-1.7,+2.5,0.10,60,0.07,0.25,16,26.7,16.1,0,FWMF,5e5249c8
162,Shuto Machino,6.5,1953,2024-2025,24,jp JPN,Holstein Kiel,de Bundesliga,32,1953,21.7,23,9,2,11,2,13,9,2,2,0,6.5,4.9,3.0,9.5,2.6,7.9,+4.5,+4.1,-1.0,0.10,49,0.18,0.43,21,42.9,17.2,4,FWMF,964dde35
163,Dani Olmo,6.5,1212,2024-2025,26,es ESP,Barcelona,es La Liga,25,1212,13.5,13,12,2,10,3,13,8,2,2,0,6.5,4.9,3.0,9.5,3.7,7.9,+3.5,+3.1,0.0,0.12,40,0.20,0.53,15,37.5,18.1,1,MFFW,ae44e8e2
164,Sebastian Nanasi,6.5,2107,2024-2025,22,se SWE,Strasbourg,fr Ligue 1,31,2107,23.4,26,5,1,6,4,10,6,0,0,0,6.5,6.5,4.9,11.4,4.7,11.4,-0.5,-0.5,-0.9,0.23,28,0.21,0.50,12,42.9,12.4,1,MFFW,ce747d2a
165,Himad Abdelli,6.4,2842,2024-2025,24,dz ALG,Angers,fr Ligue 1,32,2842,31.6,32,0,0,6,1,7,3,3,4,1,6.4,3.2,3.2,9.5,3.7,6.4,-0.4,-0.2,-2.2,0.09,35,0.09,0.38,8,22.9,22.6,0,MFFW,7978cbf0
166,Mattia Zaccagni,6.4,2686,2024-2025,29,it ITA,Lazio,it Serie A,34,2686,29.8,33,1,0,8,6,14,6,2,2,0,6.4,4.9,4.6,11.1,4.1,9.5,+1.6,+1.1,+1.4,0.11,46,0.13,0.43,14,30.4,17.3,2,FW,d85c238b
167,Paulo Dybala,6.4,1417,2024-2025,30,ar ARG,Roma,it Serie A,24,1417,15.7,16,8,7,6,3,9,3,3,3,0,6.4,4.0,5.0,11.4,5.2,9.0,-0.4,-1.0,-2.0,0.09,47,0.06,0.20,15,31.9,21.1,6,FWMF,e0921a4f
168,Jorge de Frutos,6.3,2495,2024-2025,27,es ESP,Rayo Vallecano,es La Liga,36,2495,27.7,30,6,0,6,3,9,6,0,0,0,6.3,6.3,3.4,9.8,2.3,9.8,-0.3,-0.3,-0.4,0.12,52,0.12,0.33,18,34.6,15.9,0,FWMF,38ce1150
169,Iliman Ndiaye,6.2,2430,2024-2025,24,sn SEN,Everton,eng Premier League,33,2430,27.0,29,4,0,9,0,9,7,2,2,0,6.2,4.7,1.9,8.1,1.4,6.5,+2.8,+2.3,-1.9,0.13,35,0.20,0.47,15,42.9,17.1,0,FW,5ed97752
170,Gaëtan Perrin,6.1,2691,2024-2025,28,fr FRA,Auxerre,fr Ligue 1,34,2691,29.9,31,3,0,10,11,21,10,0,0,0,6.1,6.1,7.8,13.9,4.7,13.9,+3.9,+3.9,+3.2,0.10,59,0.17,0.38,26,44.1,19.2,5,MFFW,10dd88f9
171,Phillip Tietz,6.1,1686,2024-2025,27,de GER,Augsburg,de Bundesliga,34,1686,18.7,19,15,0,7,2,9,6,1,1,0,6.1,5.3,1.2,7.3,1.4,6.5,+0.9,+0.7,+0.8,0.10,51,0.12,0.32,19,37.3,16.3,3,FW,3397e7b5
172,Vitor Roque,6.1,1235,2024-2025,19,br BRA,Betis,es La Liga,22,1235,13.7,14,8,0,4,0,4,4,0,0,0,6.1,6.1,1.2,7.3,0.7,7.3,-2.1,-2.1,-1.2,0.15,41,0.10,0.22,18,43.9,14.5,0,FW,cb00f1e6
173,Sofiane Diop,6.0,1064,2024-2025,24,fr FRA,Nice,fr Ligue 1,28,1064,11.8,8,20,1,6,4,10,6,0,0,0,6.0,6.0,2.9,8.9,2.8,8.9,0.0,0.0,+1.1,0.27,22,0.27,0.55,11,50.0,16.4,3,MFFW,19053e31
174,Frank Magri,6.0,1516,2024-2025,24,cm CMR,Toulouse,fr Ligue 1,31,1516,16.8,17,14,0,5,1,6,5,0,0,0,6.0,6.0,1.5,7.5,1.9,7.5,-1.0,-1.0,-0.5,0.14,44,0.11,0.28,18,40.9,12.4,0,FWMF,42fdb11d
175,Lorenzo Colombo,5.9,2233,2024-2025,22,it ITA,Empoli,it Serie A,37,2233,24.8,26,11,0,6,2,8,5,1,1,0,5.9,5.1,2.9,8.8,0.9,8.0,+0.1,-0.1,-0.9,0.09,55,0.09,0.28,18,32.7,18.1,0,FWMF,04df29a5
176,Phil Harres,5.9,1544,2024-2025,22,de GER,Holstein Kiel,de Bundesliga,26,1544,17.2,17,9,1,8,1,9,8,0,0,0,5.9,5.9,1.3,7.2,1.1,7.2,+2.1,+2.1,-0.3,0.16,37,0.22,0.47,17,45.9,12.7,0,FW,07db670d
177,Mikel Merino,5.9,1586,2024-2025,28,es ESP,Arsenal,eng Premier League,28,1586,17.6,17,11,0,7,2,9,7,0,0,0,5.9,5.9,2.0,7.9,1.2,7.9,+1.1,+1.1,0.0,0.16,38,0.18,0.54,13,34.2,10.7,0,MFFW,d080ed5e
178,Abdallah Sima,5.9,1238,2024-2025,23,sn SEN,Brest,fr Ligue 1,27,1238,13.8,14,13,1,7,2,9,7,0,0,0,5.9,5.9,1.0,6.9,0.9,6.9,+1.1,+1.1,+1.0,0.16,37,0.19,0.39,18,48.6,13.1,0,FWMF,fdbde523
179,Darwin Núñez,5.8,1133,2024-2025,25,uy URU,Liverpool,eng Premier League,30,1133,12.6,8,22,5,5,2,7,5,0,0,0,5.8,5.8,1.3,7.1,0.5,7.1,-0.8,-0.8,+0.7,0.17,34,0.15,0.38,13,38.2,14.3,0,FW,4d77b365
180,Moses Simon,5.8,2609,2024-2025,29,ng NGA,Nantes,fr Ligue 1,32,2609,29.0,31,1,0,8,10,18,4,4,4,0,5.8,2.7,6.7,12.5,5.7,9.4,+2.2,+1.3,+3.3,0.07,40,0.10,0.31,13,32.5,19.6,2,FWMF,5f3eaaf5
181,Cameron Archer,5.7,1441,2024-2025,23,eng ENG,Southampton,eng Premier League,35,1441,16.0,13,22,2,2,0,2,2,0,1,1,5.7,4.9,0.5,6.2,0.7,5.4,-3.7,-2.9,-0.5,0.18,28,0.07,0.20,10,35.7,12.8,0,FW,05e8ca6d
182,Jonas Wind,5.7,1966,2024-2025,25,dk DEN,Wolfsburg,de Bundesliga,31,1966,21.8,21,10,2,9,3,12,8,1,2,1,5.7,4.0,4.2,9.9,4.7,8.1,+3.3,+4.0,-1.2,0.10,38,0.21,0.73,11,28.9,13.4,0,FWMF,2077ae86
183,Sebastiano Esposito,5.7,2331,2024-2025,22,it ITA,Empoli,it Serie A,33,2331,25.9,27,6,1,8,0,8,7,1,2,1,5.7,4.2,2.1,7.9,2.1,6.3,+2.3,+2.8,-2.1,0.07,59,0.12,0.37,19,32.2,19.8,10,FWMF,7ff93107
184,Eddie Nketiah,5.7,1034,2024-2025,25,eng ENG,2 Teams,eng Premier League,29,1034,11.5,9,20,4,3,1,4,3,0,0,0,5.7,5.7,1.7,,0.9,7.4,-2.7,-2.7,-0.7,0.13,43,0.07,0.19,16,37.2,13.8,0,FW,a53649b7
185,Jacob Murphy,5.7,2360,2024-2025,29,eng ENG,Newcastle Utd,eng Premier League,35,2360,26.2,31,4,2,8,12,20,8,0,0,0,5.7,5.7,8.9,14.6,6.2,14.6,+2.3,+2.3,+3.1,0.13,43,0.19,0.53,15,34.9,18.2,0,FW,de112b84
186,Adam Hložek,5.6,1871,2024-2025,22,cz CZE,Hoffenheim,de Bundesliga,27,1871,20.8,22,5,0,8,4,12,8,0,0,0,5.6,5.6,3.5,9.1,3.2,9.1,+2.4,+2.4,+0.5,0.10,59,0.14,0.33,24,40.7,17.3,1,FWMF,5521f419
187,Fermin López,5.6,1252,2024-2025,21,es ESP,Barcelona,es La Liga,28,1252,13.9,12,16,3,6,5,11,6,0,0,0,5.6,5.6,3.9,9.5,4.3,9.5,+0.4,+0.4,+1.1,0.14,41,0.15,0.40,15,36.6,18.0,0,MFFW,c1fe5f0b
188,Alberto Moleiro,5.6,2714,2024-2025,20,es ESP,Las Palmas,es La Liga,35,2714,30.2,32,3,1,6,1,7,6,0,0,0,5.6,5.6,3.3,8.9,3.6,8.9,+0.4,+0.4,-2.3,0.08,68,0.09,0.25,24,35.3,19.0,0,FWMF,c2c8897d
189,Dennis Man,5.5,1995,2024-2025,25,ro ROU,Parma,it Serie A,33,1995,22.2,23,10,2,4,4,8,4,0,0,0,5.5,5.5,4.2,9.7,2.7,9.7,-1.5,-1.5,-0.2,0.11,49,0.08,0.20,20,40.8,17.1,0,FWMF,2079b3cc
190,Eliesse Ben Seghir,5.5,1750,2024-2025,19,ma MAR,Monaco,fr Ligue 1,33,1750,19.4,19,14,1,6,3,9,4,2,2,0,5.5,4.1,5.2,10.7,4.6,9.3,+0.5,-0.1,-2.2,0.07,58,0.07,0.21,19,32.8,20.9,3,MFFW,3bd65247
191,Oumar Diakité,5.5,1628,2024-2025,20,ci CIV,Reims,fr Ligue 1,26,1628,18.1,20,6,3,4,1,5,4,0,1,1,5.5,4.7,1.1,6.5,1.2,5.8,-1.5,-0.7,-0.1,0.18,26,0.15,0.44,9,34.6,12.1,0,FW,44435c8f
192,Karim Adeyemi,5.5,1433,2024-2025,22,de GER,Dortmund,de Bundesliga,25,1433,15.9,17,8,0,7,6,13,7,0,0,0,5.5,5.5,6.0,11.5,4.1,11.5,+1.5,+1.5,0.0,0.12,46,0.15,0.39,18,39.1,17.6,0,FWMF,501055d8
193,Mostafa Mohamed,5.5,1252,2024-2025,26,eg EGY,Nantes,fr Ligue 1,30,1252,13.9,11,19,0,5,0,5,5,0,0,0,5.5,5.5,0.4,5.9,0.4,5.9,-0.5,-0.5,-0.4,0.13,43,0.12,0.31,16,37.2,13.7,2,FW,595e6f3e
194,Marcus Tavernier,5.5,1939,2024-2025,25,eng ENG,Bournemouth,eng Premier League,29,1939,21.5,20,9,0,3,5,8,3,0,0,0,5.5,5.5,4.0,9.5,3.6,9.5,-2.5,-2.5,+1.0,0.10,57,0.05,0.18,17,29.8,21.1,4,FWMF,5c0da4a4
195,Irvin Cardona,5.5,1669,2024-2025,26,fr FRA,2 Teams,2 Comps,31,1669,18.5,18,13,2,6,4,10,6,0,1,1,5.5,4.8,2.0,1.7,2.8,6.7,+0.5,+1.2,+2.0,0.16,33,0.18,0.46,13,39.4,15.5,1,FWMF,5e080f73
196,Junior Adamu,5.5,1545,2024-2025,23,at AUT,Freiburg,de Bundesliga,25,1545,17.2,19,6,5,2,2,4,2,0,0,0,5.5,5.5,2.4,7.9,1.9,7.9,-3.5,-3.5,-0.4,0.16,36,0.06,0.18,11,30.6,12.4,0,FW,82e12fe7
197,Philipp Hofmann,5.5,2277,2024-2025,31,de GER,Bochum,de Bundesliga,32,2277,25.3,27,5,0,3,3,6,3,0,0,0,5.5,5.5,3.3,8.8,2.6,8.8,-2.5,-2.5,-0.3,0.10,54,0.06,0.16,19,35.2,14.0,0,FW,877bc844
198,Robin Hack,5.4,2172,2024-2025,25,de GER,Gladbach,de Bundesliga,33,2172,24.1,27,6,1,4,7,11,4,0,0,0,5.4,5.4,3.6,9.0,3.8,9.0,-1.4,-1.4,+3.4,0.09,59,0.07,0.17,24,40.7,19.9,0,FWMF,0174ba21
199,Denzel Dumfries,5.4,1955,2024-2025,28,nl NED,Inter,it Serie A,29,1955,21.7,20,9,4,7,2,9,7,0,0,0,5.4,5.4,3.2,8.6,2.8,8.6,+1.6,+1.6,-1.2,0.15,36,0.19,0.37,19,52.8,10.5,0,DFFW,481c9ece
200,Lucas Beltrán,5.4,1953,2024-2025,23,ar ARG,Fiorentina,it Serie A,33,1953,21.7,21,12,4,5,4,9,3,2,3,1,5.4,3.1,3.0,8.5,1.9,6.1,-0.4,-0.1,+1.0,0.12,26,0.12,0.50,6,23.1,15.9,0,FWMF,482d2bc3
201,Yann Gboho,5.4,2333,2024-2025,23,fr FRA,Toulouse,fr Ligue 1,31,2333,25.9,27,4,0,5,4,9,5,0,0,0,5.4,5.4,3.5,8.9,4.1,8.9,-0.4,-0.4,+0.5,0.11,50,0.10,0.19,26,52.0,15.8,0,MFFW,6be41a31
202,Tiago Tomás,5.4,1884,2024-2025,22,pt POR,Wolfsburg,de Bundesliga,32,1884,20.9,23,9,1,6,1,7,6,0,0,0,5.4,5.4,2.6,8.1,1.5,8.1,+0.6,+0.6,-1.6,0.13,42,0.14,0.30,20,47.6,16.0,0,FWMF,b492126a
203,Pedro,5.3,1102,2024-2025,37,es ESP,Lazio,it Serie A,30,1102,12.2,6,24,6,10,1,11,8,2,2,0,5.3,3.8,1.7,7.0,2.1,5.4,+4.7,+4.2,-0.7,0.10,37,0.22,0.50,16,43.2,19.1,0,FWMF,3ca7254a
204,Brahim Díaz,5.3,1385,2024-2025,24,ma MAR,Real Madrid,es La Liga,31,1385,15.4,16,15,0,4,2,6,4,0,0,0,5.3,5.3,3.3,8.6,2.3,8.6,-1.3,-1.3,-1.3,0.19,28,0.14,0.27,15,53.6,12.6,0,FWMF,407feb71
205,Rasmus Højlund,5.3,2004,2024-2025,21,dk DEN,Manchester Utd,eng Premier League,32,2004,22.3,23,9,2,4,0,4,4,0,0,0,5.3,5.3,1.8,7.1,1.1,7.1,-1.3,-1.3,-1.8,0.16,32,0.13,0.31,13,40.6,12.9,0,FW,491a433d
206,Lucas Paquetá,5.3,2380,2024-2025,26,br BRA,West Ham,eng Premier League,33,2380,26.4,27,6,1,4,0,4,2,2,2,0,5.3,3.7,3.1,8.4,3.3,6.8,-1.3,-1.7,-3.1,0.10,39,0.05,0.67,3,7.7,19.5,4,MFFW,9b6f7fd5
207,Casper Tengstedt,5.3,1517,2024-2025,24,dk DEN,Hellas Verona,it Serie A,25,1517,16.9,20,5,4,6,1,7,5,1,1,0,5.3,4.5,0.9,6.2,1.1,5.4,+0.7,+0.5,+0.1,0.12,37,0.14,0.50,10,27.0,14.2,0,FW,ff2fb007
208,Williot Swedberg,5.2,1348,2024-2025,20,se SWE,Celta Vigo,es La Liga,32,1348,15.0,15,17,1,4,5,9,4,0,0,0,5.2,5.2,2.6,7.9,2.2,7.9,-1.2,-1.2,+2.4,0.17,32,0.13,0.27,15,46.9,14.7,0,FWMF,184fe4b2
209,Gustav Isaksen,5.2,2210,2024-2025,23,dk DEN,Lazio,it Serie A,37,2210,24.6,29,8,0,4,2,6,4,0,0,0,5.2,5.2,2.1,7.3,2.8,7.3,-1.2,-1.2,-0.1,0.10,54,0.07,0.17,24,44.4,18.9,0,FW,5715bb71
210,Phil Foden,5.2,1777,2024-2025,24,eng ENG,Manchester City,eng Premier League,28,1777,19.7,20,8,5,7,2,9,7,0,0,0,5.2,5.2,4.8,9.9,5.3,9.9,+1.8,+1.8,-2.8,0.10,54,0.13,0.44,16,29.6,18.6,2,MFFW,ed1e53f3
211,Esteban Lepaul,5.1,1629,2024-2025,24,fr FRA,Angers,fr Ligue 1,28,1629,18.1,18,10,4,9,0,9,9,0,0,0,5.1,5.1,0.8,6.0,1.7,6.0,+3.9,+3.9,-0.8,0.13,41,0.22,0.53,17,41.5,13.2,0,FW,85ce1949
212,Désiré Doué,5.1,1730,2024-2025,19,fr FRA,Paris S-G,fr Ligue 1,31,1730,19.2,18,13,1,6,6,12,6,0,0,0,5.1,5.1,7.8,13.0,5.7,13.0,+0.9,+0.9,-1.8,0.09,55,0.11,0.30,20,36.4,17.9,0,FWMF,9e7483ff
213,Kevin De Bruyne,5.1,1702,2024-2025,33,be BEL,Manchester City,eng Premier League,28,1702,18.9,19,9,5,4,7,11,4,0,0,0,5.1,5.1,8.0,13.1,6.7,13.1,-1.1,-1.1,-1.0,0.09,57,0.07,0.27,15,26.3,21.4,8,MFFW,e46012d4
214,Mamadou Sylla,5.1,1583,2024-2025,30,sn SEN,Valladolid,es La Liga,29,1583,17.6,17,12,6,5,1,6,1,4,4,0,5.1,2.0,1.7,6.8,0.6,3.6,-0.1,-1.0,-0.7,0.11,18,0.06,0.33,3,16.7,17.4,0,FWMF,e5ec95f8
215,Dany Mota,5.1,2104,2024-2025,26,pt POR,Monza,it Serie A,31,2104,23.4,24,7,0,5,2,7,5,0,0,0,5.1,5.1,1.8,6.9,1.7,6.9,-0.1,-0.1,+0.2,0.12,42,0.12,0.45,11,26.2,13.1,0,FWMF,efc9e31f
216,Ludovic Blas,5.0,2293,2024-2025,26,fr FRA,Rennes,fr Ligue 1,29,2293,25.5,26,3,0,6,8,14,6,0,0,0,5.0,5.0,4.6,9.6,5.4,9.6,+1.0,+1.0,+3.4,0.09,57,0.11,0.23,26,45.6,17.7,2,MFFW,6191093d
217,Rayan Cherki,5.0,2041,2024-2025,20,fr FRA,Lyon,fr Ligue 1,30,2041,22.7,22,8,0,8,11,19,8,0,0,0,5.0,5.0,11.1,16.1,11.7,16.1,+3.0,+3.0,-0.1,0.11,45,0.18,0.42,19,42.2,16.8,3,FWMF,b34c63a5
218,Musa Al-Taamari,5.0,1683,2024-2025,27,jo JOR,2 Teams,fr Ligue 1,26,1683,18.7,19,7,0,3,1,4,3,0,0,0,5.0,5.0,2.8,4.1,2.5,7.8,-2.0,-2.0,-1.8,0.12,41,0.07,0.21,14,34.1,16.6,1,FWMF,f15f8b2b
219,Sávio,5.0,1766,2024-2025,20,br BRA,Manchester City,eng Premier League,29,1766,19.6,21,8,7,1,8,9,1,0,0,0,5.0,5.0,6.9,11.9,6.1,11.9,-4.0,-4.0,+1.1,0.09,55,0.02,0.05,21,38.2,17.6,1,FWMF,fe6e7156
220,Gianluca Gaetano,4.9,1009,2024-2025,24,it ITA,2 Teams,it Serie A,28,1009,11.2,8,20,7,2,4,6,2,0,0,0,4.9,4.9,2.2,7.1,2.3,7.1,-2.9,-2.9,+1.8,0.16,30,0.07,0.33,6,20.0,17.2,2,MFFW,3b387cc7
221,Miguel,4.9,1724,2024-2025,24,es ESP,Leganés,es La Liga,34,1724,19.2,17,17,3,1,3,4,0,1,2,1,4.9,3.3,1.4,6.4,0.8,4.8,-3.9,-3.3,+1.6,0.10,33,0.00,0.00,14,42.4,15.5,0,FW,6763373d
222,Joshua Zirkzee,4.8,1402,2024-2025,23,nl NED,Manchester Utd,eng Premier League,32,1402,15.6,14,18,0,3,1,4,3,0,0,0,4.8,4.8,1.5,6.3,1.1,6.3,-1.8,-1.8,-0.5,0.17,28,0.11,0.27,11,39.3,13.1,0,FWMF,028e70b9
223,Oliver McBurnie,4.8,1837,2024-2025,28,sct SCO,Las Palmas,es La Liga,34,1837,20.4,20,14,4,3,6,9,3,0,0,0,4.8,4.8,2.8,7.6,1.0,7.6,-1.8,-1.8,+3.2,0.15,32,0.09,0.25,12,37.5,12.3,0,FW,78b8ac63
224,Assane Diao,4.8,1529,2024-2025,18,sn SEN,2 Teams,2 Comps,25,1529,17.0,16,9,8,9,3,12,9,0,0,0,4.8,4.8,1.9,4.4,1.1,6.7,+4.2,+4.2,+1.1,0.14,35,0.26,0.64,14,40.0,15.3,0,FWMF,8ae7d0ec
225,Marcus Rashford,4.8,1422,2024-2025,26,eng ENG,2 Teams,eng Premier League,25,1422,15.8,16,9,1,6,3,9,5,1,1,0,4.8,4.0,4.4,3.8,3.5,8.3,+1.2,+1.0,-1.4,0.12,34,0.15,0.36,14,41.2,18.0,2,FWMF,a1d5bd30
226,Giovani Lo Celso,4.8,1457,2024-2025,28,ar ARG,Betis,es La Liga,25,1457,16.2,15,10,0,8,3,11,6,2,3,1,4.8,2.4,4.9,9.6,5.2,7.3,+3.2,+3.6,-1.9,0.08,31,0.19,0.38,16,51.6,22.0,4,MFFW,d7553721
227,Romain Del Castillo,4.7,1259,2024-2025,28,fr FRA,Brest,fr Ligue 1,26,1259,14.0,14,12,0,6,4,10,3,3,4,1,4.7,1.5,3.4,8.1,4.1,4.9,+1.3,+1.5,+0.6,0.09,17,0.18,0.38,8,47.1,19.7,0,FW,0be95d34
228,Akor Adams,4.7,1209,2024-2025,24,ng NGA,2 Teams,2 Comps,19,1209,13.4,14,5,1,3,1,4,3,0,0,0,4.7,4.7,1.0,0.4,0.2,5.7,-1.7,-1.7,0.0,0.17,28,0.11,0.23,13,46.4,13.9,0,FW,2ccd39ed
229,Isaac Palazón Camacho,4.7,2162,2024-2025,29,es ESP,Rayo Vallecano,es La Liga,35,2162,24.0,25,10,0,4,4,8,4,0,0,0,4.7,4.7,4.4,9.2,4.7,9.2,-0.7,-0.7,-0.4,0.08,61,0.07,0.22,18,29.5,22.3,1,MFFW,49dbab27
230,Eldor Shomurodov,4.7,1097,2024-2025,29,uz UZB,Roma,it Serie A,27,1097,12.2,11,16,10,4,4,8,4,0,0,0,4.7,4.7,1.3,6.1,1.4,6.1,-0.7,-0.7,+2.7,0.16,29,0.14,0.31,13,44.8,11.9,0,FWMF,57469b2d
231,Alex Iwobi,4.7,2981,2024-2025,28,ng NGA,Fulham,eng Premier League,38,2981,33.1,35,3,0,9,6,15,9,0,0,0,4.7,4.7,7.0,11.8,7.0,11.8,+4.3,+4.3,-1.0,0.07,68,0.13,0.31,29,42.6,18.3,0,FWMF,6ca5ec4b
232,Alexis Claude-Maurice,4.7,2109,2024-2025,26,fr FRA,Augsburg,de Bundesliga,28,2109,23.4,25,3,3,9,2,11,9,0,0,0,4.7,4.7,1.2,5.9,1.9,5.9,+4.3,+4.3,+0.8,0.08,59,0.15,0.41,22,37.3,20.5,1,MFFW,741418c3
233,Amad Diallo,4.7,1901,2024-2025,22,ci CIV,Manchester Utd,eng Premier League,26,1901,21.1,20,6,2,8,6,14,8,0,0,0,4.7,4.7,4.9,9.6,4.2,9.6,+3.3,+3.3,+1.1,0.10,47,0.17,0.47,17,36.2,17.5,0,MFFW,9dc96f10
234,Johannes Eggestein,4.7,1853,2024-2025,26,de GER,St. Pauli,de Bundesliga,27,1853,20.6,22,5,5,3,4,7,2,1,2,1,4.7,3.1,2.1,6.8,1.3,5.2,-1.7,-1.1,+1.9,0.09,34,0.06,0.20,10,29.4,15.7,0,FW,d571df78
235,Alfon,4.6,1371,2024-2025,25,es ESP,Celta Vigo,es La Liga,26,1371,15.2,14,12,9,5,2,7,5,0,0,0,4.6,4.6,2.6,7.2,2.1,7.2,+0.4,+0.4,-0.6,0.10,46,0.11,0.26,19,41.3,17.3,0,FWMF,1c772b46
236,Abel Ruiz,4.6,1346,2024-2025,24,es ESP,Girona,es La Liga,23,1346,15.0,17,6,4,4,0,4,3,1,2,1,4.6,3.0,0.5,5.1,0.7,3.5,-0.6,0.0,-0.5,0.14,21,0.14,0.43,7,33.3,14.0,0,FW,6cbf8d0d
237,Florian Sotoca,4.6,1794,2024-2025,33,fr FRA,Lens,fr Ligue 1,31,1794,19.9,22,9,0,1,1,2,1,0,0,0,4.6,4.6,1.5,6.1,2.9,6.1,-3.6,-3.6,-0.5,0.10,47,0.02,0.06,18,38.3,14.7,0,FWMF,7a42d0df
238,Georginio Rutter,4.6,1656,2024-2025,22,fr FRA,Brighton,eng Premier League,28,1656,18.4,19,9,0,5,3,8,5,0,0,0,4.6,4.6,2.5,7.1,1.7,7.1,+0.4,+0.4,+0.5,0.09,50,0.10,0.42,12,24.0,15.5,0,MFFW,c64c01fc
239,Junya Ito,4.6,2690,2024-2025,31,jp JPN,Reims,fr Ligue 1,33,2690,29.9,31,2,0,4,3,7,4,0,0,0,4.6,4.6,7.1,11.7,9.1,11.7,-0.6,-0.6,-4.1,0.15,31,0.13,0.36,11,35.5,13.7,0,FWMF,dbd3a428
240,Anthony Elanga,4.5,2501,2024-2025,22,se SWE,Nott'ham Forest,eng Premier League,38,2501,27.8,31,7,0,6,11,17,6,0,0,0,4.5,4.5,5.7,10.1,5.1,10.1,+1.5,+1.5,+5.3,0.10,44,0.14,0.25,24,54.5,17.6,6,FWMF,2fba6108
241,Albert Guðmundsson,4.5,1273,2024-2025,27,is ISL,Fiorentina,it Serie A,24,1273,14.1,16,8,3,6,1,7,4,2,2,0,4.5,2.9,1.8,6.3,1.0,4.8,+1.5,+1.1,-0.8,0.12,25,0.16,0.31,13,52.0,20.8,2,FWMF,b79858d5
242,Franck Honorat,4.5,1439,2024-2025,27,fr FRA,Gladbach,de Bundesliga,19,1439,16.0,18,1,1,4,7,11,4,0,0,0,4.5,4.5,5.3,9.8,4.9,9.8,-0.5,-0.5,+1.7,0.15,31,0.13,0.44,9,29.0,15.2,0,FW,db7849ca
243,Arnaut Danjuma,4.4,1535,2024-2025,27,nl NED,2 Teams,es La Liga,28,1535,17.1,18,10,5,4,0,4,4,0,0,0,4.4,4.4,1.7,0.8,2.3,6.1,-0.4,-0.4,-1.7,0.12,36,0.11,0.24,17,47.2,15.7,1,FW,f08490a6
244,Kingsley Coman,4.3,1282,2024-2025,28,fr FRA,Bayern Munich,de Bundesliga,28,1282,14.2,14,14,0,5,4,9,5,0,0,0,4.3,4.3,3.3,7.6,4.2,7.6,+0.7,+0.7,+0.7,0.10,44,0.11,0.29,17,38.6,16.7,0,FW,042e8a49
245,André Ayew,4.3,1453,2024-2025,34,gh GHA,Le Havre,fr Ligue 1,27,1453,16.1,15,12,0,4,1,5,4,0,0,0,4.3,4.3,0.2,4.6,0.3,4.6,-0.3,-0.3,+0.8,0.21,22,0.18,0.44,9,40.9,12.0,2,FW,5dbefa9d
246,Thijs Dallinga,4.3,1154,2024-2025,23,nl NED,Bologna,it Serie A,31,1154,12.8,11,20,7,3,2,5,3,0,0,0,4.3,4.3,0.6,4.9,0.7,4.9,-1.3,-1.3,+1.4,0.14,31,0.10,0.27,11,35.5,11.6,0,FW,b70afb45
247,Kenan Yıldız,4.3,2402,2024-2025,19,tr TUR,Juventus,it Serie A,35,2402,26.7,28,7,1,7,4,11,7,0,0,0,4.3,4.3,5.0,9.3,4.8,9.3,+2.7,+2.7,-1.0,0.07,61,0.11,0.32,22,36.1,17.5,0,FWMF,d8cda243
248,Jim Allevinah,4.2,1750,2024-2025,29,ga GAB,Angers,fr Ligue 1,28,1750,19.4,23,5,0,1,3,4,1,0,0,0,4.2,4.2,2.5,6.7,1.7,6.7,-3.2,-3.2,+0.5,0.12,35,0.03,0.10,10,28.6,14.5,0,FW,1956b948
249,Juanmi Latasa,4.2,1398,2024-2025,23,es ESP,Valladolid,es La Liga,28,1398,15.5,14,14,3,3,0,3,3,0,0,0,4.2,4.2,0.9,5.1,0.4,5.1,-1.2,-1.2,-0.9,0.11,40,0.08,0.23,13,32.5,11.8,0,FW,2bea832e
250,Jon Guridi,4.2,2080,2024-2025,29,es ESP,Alavés,es La Liga,33,2080,23.1,27,6,3,3,1,4,2,1,1,0,4.2,3.4,1.2,5.4,1.1,4.6,-1.2,-1.4,-0.2,0.15,23,0.09,0.18,11,47.8,14.9,0,MFFW,4c0a6a48
251,Gianluca Caprari,4.2,1651,2024-2025,31,it ITA,Monza,it Serie A,34,1651,18.3,18,16,0,3,2,5,1,2,2,0,4.2,2.6,2.4,6.6,2.1,5.0,-1.2,-1.6,-0.4,0.09,28,0.04,0.11,9,32.1,22.0,2,MFFW,54e53b7e
252,Samuel Essende,4.2,1636,2024-2025,26,cd COD,Augsburg,de Bundesliga,30,1636,18.2,21,9,1,7,2,9,7,0,0,0,4.2,4.2,1.3,5.5,1.4,5.5,+2.8,+2.8,+0.7,0.10,44,0.16,0.54,13,29.5,13.9,0,FW,821550ce
253,Nico Williams,4.2,1996,2024-2025,22,es ESP,Athletic Club,es La Liga,29,1996,22.2,22,7,0,5,5,10,5,0,0,0,4.2,4.2,3.5,7.7,4.2,7.7,+0.8,+0.8,+1.5,0.08,54,0.09,0.26,19,35.2,17.6,1,FW,afdc14d7
254,Moritz Broschinski,4.2,1390,2024-2025,23,de GER,Bochum,de Bundesliga,33,1390,15.4,15,18,1,1,3,4,1,0,0,0,4.2,4.2,1.8,6.0,1.5,6.0,-3.2,-3.2,+1.2,0.11,38,0.03,0.09,11,28.9,17.1,0,FWMF,bbd79358
255,Harry Wilson,4.2,1162,2024-2025,27,wls WAL,Fulham,eng Premier League,25,1162,12.9,12,13,3,6,1,7,6,0,0,0,4.2,4.2,1.1,5.3,1.2,5.3,+1.8,+1.8,-0.1,0.10,43,0.14,0.35,17,39.5,18.0,1,FWMF,c6dc9ecd
256,Dejan Kulusevski,4.2,2389,2024-2025,24,se SWE,Tottenham,eng Premier League,32,2389,26.5,27,5,0,7,4,11,7,0,0,0,4.2,4.2,6.2,10.4,3.9,10.4,+2.8,+2.8,-2.2,0.09,47,0.15,0.41,17,36.2,14.7,0,MFFW,df3cda47
257,Luis Henrique,4.2,2613,2024-2025,22,br BRA,Marseille,fr Ligue 1,33,2613,29.0,29,4,1,7,7,14,7,0,0,0,4.2,4.2,4.2,8.3,5.0,8.3,+2.8,+2.8,+2.8,0.14,30,0.23,0.50,14,46.7,14.6,0,DFFW,f36d5624
258,Nicolás González,4.1,1750,2024-2025,26,ar ARG,Juventus,it Serie A,26,1750,19.4,23,3,1,3,2,5,3,0,0,0,4.1,4.1,1.1,5.1,1.2,5.1,-1.1,-1.1,+0.9,0.09,45,0.07,0.14,21,46.7,15.7,0,FWMF,2374aaca
259,Neal Maupay,4.1,1042,2024-2025,27,fr FRA,2 Teams,2 Comps,22,1042,11.6,13,9,11,4,4,8,4,0,0,0,4.1,4.1,2.2,,1.3,6.3,-0.1,-0.1,+1.8,0.22,19,0.21,0.40,10,52.6,10.6,0,FWMF,4bcf39f6
260,Gaetano Oristanio,4.1,2315,2024-2025,21,it ITA,Venezia,it Serie A,37,2315,25.7,29,8,1,3,3,6,3,0,0,0,4.1,4.1,2.6,6.8,2.2,6.8,-1.1,-1.1,+0.4,0.09,44,0.07,0.25,12,27.3,17.1,3,FWMF,5cfc74fc
261,Arnaud Nordin,4.1,1166,2024-2025,26,fr FRA,Montpellier,fr Ligue 1,16,1166,13.0,14,2,0,4,1,5,3,1,2,1,4.1,2.5,0.9,5.0,1.1,3.4,-0.1,+0.5,+0.1,0.10,26,0.12,0.27,11,42.3,18.2,0,FW,7b9a9e25
262,Sandro Ramírez,4.1,2034,2024-2025,29,es ESP,Las Palmas,es La Liga,31,2034,22.6,25,6,1,9,3,12,8,1,1,0,4.1,3.3,3.4,7.4,3.2,6.7,+4.9,+4.7,-0.4,0.06,51,0.16,0.40,20,39.2,24.3,14,FWMF,833fb62e
263,Mahdi Camara,4.1,2659,2024-2025,26,fr FRA,Brest,fr Ligue 1,34,2659,29.5,31,3,0,5,3,8,5,0,0,0,4.1,4.1,2.0,6.2,2.6,6.2,+0.9,+0.9,+1.0,0.08,49,0.10,0.26,19,38.8,16.6,0,MFFW,8577e60a
264,Sergio Camello,4.1,1134,2024-2025,23,es ESP,Rayo Vallecano,es La Liga,23,1134,12.6,14,9,2,3,2,5,3,0,0,0,4.1,4.1,2.0,6.1,1.1,6.1,-1.1,-1.1,0.0,0.13,32,0.09,0.33,9,28.1,16.3,0,FW,873619c6
265,Raúl Moro,4.1,2341,2024-2025,21,es ESP,Valladolid,es La Liga,33,2341,26.0,26,7,0,4,5,9,4,0,0,0,4.1,4.1,5.7,9.8,5.5,9.8,-0.1,-0.1,-0.7,0.09,46,0.09,0.25,16,34.8,17.8,0,MFFW,919dd4b1
266,Jordan Pefok,4.1,1288,2024-2025,28,us USA,2 Teams,2 Comps,25,1288,14.3,16,9,2,1,1,2,1,0,0,0,4.1,4.1,1.6,1.6,0.6,5.7,-3.1,-3.1,-0.6,0.12,34,0.03,0.11,9,26.5,11.4,0,FW,b684a484
267,Yankuba Minteh,4.1,1838,2024-2025,20,gm GAM,Brighton,eng Premier League,32,1838,20.4,20,12,1,6,4,10,6,0,0,0,4.1,4.1,5.0,9.1,5.0,9.1,+1.9,+1.9,-1.0,0.12,34,0.18,0.38,16,47.1,13.8,0,FWMF,c3cf087d
268,Alexander Bernhardsson,4.1,1263,2024-2025,25,se SWE,Holstein Kiel,de Bundesliga,19,1263,14.0,15,4,1,7,2,9,7,0,0,0,4.1,4.1,1.3,5.5,1.2,5.5,+2.9,+2.9,+0.7,0.15,27,0.26,0.50,14,51.9,17.5,0,FWMF,dea1d183
269,Rémy Cabella,4.0,1011,2024-2025,34,fr FRA,Lille,fr Ligue 1,23,1011,11.2,12,11,4,1,2,3,1,0,0,0,4.0,4.0,2.3,6.2,3.1,6.2,-3.0,-3.0,-0.3,0.13,30,0.03,0.14,7,23.3,14.7,1,FWMF,148e136f
270,Giacomo Raspadori,4.0,1103,2024-2025,24,it ITA,Napoli,it Serie A,26,1103,12.3,11,15,12,6,1,7,6,0,0,0,4.0,4.0,2.4,6.4,2.2,6.4,+2.0,+2.0,-1.4,0.10,42,0.14,0.43,14,33.3,16.0,2,FWMF,6e058f06
271,Marco Grüll,4.0,1181,2024-2025,26,at AUT,Werder Bremen,de Bundesliga,30,1181,13.1,13,17,1,6,1,7,6,0,0,0,4.0,4.0,1.8,5.8,1.5,5.8,+2.0,+2.0,-0.8,0.16,25,0.24,0.60,10,40.0,15.9,1,FWMF,8babb812
272,Rodrygo,4.0,1928,2024-2025,23,br BRA,Real Madrid,es La Liga,30,1928,21.4,22,8,1,6,5,11,6,0,0,0,4.0,3.9,3.0,7.0,4.2,6.9,+2.0,+2.1,+2.0,0.07,54,0.11,0.30,20,37.0,16.4,3,FWMF,8f5e92a6
273,Adama Traoré,4.0,1772,2024-2025,28,es ESP,Fulham,eng Premier League,36,1772,19.7,18,18,1,2,7,9,2,0,0,0,4.0,4.0,4.9,8.9,4.5,8.9,-2.0,-2.0,+2.1,0.10,39,0.05,0.17,12,30.8,14.2,0,FWMF,9a28eba4
274,Mohamed Ali Cho,4.0,1621,2024-2025,20,fr FRA,Nice,fr Ligue 1,27,1621,18.0,21,6,2,3,4,7,3,0,0,0,4.0,4.0,4.0,7.9,3.5,7.9,-1.0,-1.0,0.0,0.11,36,0.08,0.20,15,41.7,17.7,0,FWMF,f8405304
275,Álvaro Morata,3.9,1099,2024-2025,31,es ESP,Milan,it Serie A,16,1099,12.2,13,3,0,5,0,5,5,0,0,0,3.9,3.9,0.8,4.7,0.3,4.7,+1.1,+1.1,-0.8,0.15,27,0.19,0.50,10,37.0,11.3,0,FWMF,129af0db
276,Bernardo Silva,3.9,2670,2024-2025,29,pt POR,Manchester City,eng Premier League,33,2670,29.7,29,4,5,4,4,8,4,0,0,0,3.9,3.9,5.1,9.0,4.5,9.0,+0.1,+0.1,-1.1,0.12,32,0.13,0.36,11,34.4,12.4,0,MFFW,3eb22ec9
277,Facundo Buonanotte,3.9,1523,2024-2025,19,ar ARG,Leicester City,eng Premier League,31,1523,16.9,14,17,3,5,2,7,5,0,0,0,3.9,3.9,3.1,7.0,2.3,7.0,+1.1,+1.1,-1.1,0.11,36,0.14,0.42,12,33.3,17.6,0,FWMF,468a7a91
278,Yeremi Pino,3.9,1934,2024-2025,21,es ESP,Villarreal,es La Liga,34,1934,21.5,25,9,1,4,7,11,4,0,0,0,3.9,3.9,5.3,9.2,3.8,9.2,+0.1,+0.1,+1.7,0.13,29,0.14,0.50,8,27.6,12.8,0,MFFW,540ec57b
279,Giorgos Masouras,3.9,1055,2024-2025,30,gr GRE,Bochum,de Bundesliga,14,1055,11.7,12,2,0,2,1,3,2,0,0,0,3.9,3.9,1.1,5.0,1.1,5.0,-1.9,-1.9,-0.1,0.13,30,0.07,0.13,15,50.0,14.5,1,FWMF,9d689a5b
280,Teun Koopmeiners,3.9,1994,2024-2025,26,nl NED,Juventus,it Serie A,28,1994,22.2,23,5,1,3,3,6,3,0,0,0,3.9,3.9,2.9,6.8,3.8,6.8,-0.9,-0.9,+0.1,0.09,42,0.07,0.30,10,23.8,18.2,2,MFFW,a26fb8aa
281,Joelinton,3.9,2393,2024-2025,27,br BRA,Newcastle Utd,eng Premier League,29,2393,26.6,29,0,0,4,3,7,4,0,0,0,3.9,3.9,2.5,6.4,2.3,6.4,+0.1,+0.1,+0.5,0.09,45,0.09,0.31,13,28.9,14.0,0,MFFW,c17bfb65
282,Shavy Babicka,3.9,1186,2024-2025,24,ga GAB,Toulouse,fr Ligue 1,30,1186,13.2,11,19,2,4,2,6,4,0,0,0,3.9,3.9,1.6,5.5,1.9,5.5,+0.1,+0.1,+0.4,0.20,20,0.20,0.44,9,45.0,14.6,0,MFFW,c6f0d5d4
283,Emmanuel Gyasi,3.9,3217,2024-2025,30,gh GHA,Empoli,it Serie A,37,3217,35.7,37,0,0,2,1,3,2,0,0,0,3.9,3.9,0.7,4.6,1.7,4.6,-1.9,-1.9,+0.3,0.18,22,0.09,0.25,8,36.4,11.4,0,DFFW,f9758dae
284,Issa Soumaré,3.8,1902,2024-2025,23,sn SEN,Le Havre,fr Ligue 1,29,1902,21.1,21,8,1,5,4,9,5,0,0,0,3.8,3.8,3.1,6.9,1.9,6.9,+1.2,+1.2,+0.9,0.09,43,0.12,0.26,19,44.2,16.5,2,FWMF,1d8aa290
285,Thomas Müller,3.8,1225,2024-2025,34,de GER,Bayern Munich,de Bundesliga,30,1225,13.6,12,18,4,1,4,5,1,0,0,0,3.8,3.8,2.9,6.7,4.1,6.7,-2.8,-2.8,+1.1,0.13,30,0.03,0.09,11,36.7,15.9,0,MFFW,3c6089ab
286,Nicolas Pépé,3.8,1500,2024-2025,29,ci CIV,Villarreal,es La Liga,28,1500,16.7,15,13,0,3,6,9,3,0,0,0,3.8,3.8,4.8,8.6,4.1,8.6,-0.8,-0.8,+1.2,0.10,38,0.08,0.18,17,44.7,16.0,1,FWMF,57e3f0c7
287,Cucho,3.8,1139,2024-2025,25,co COL,Betis,es La Liga,15,1139,12.7,14,1,1,5,1,6,5,0,0,0,3.8,3.8,1.5,5.3,0.7,5.3,+1.2,+1.2,-0.5,0.09,43,0.12,0.45,11,25.6,15.9,0,FW,71b47ab9
288,Malick Fofana,3.8,1589,2024-2025,19,be BEL,Lyon,fr Ligue 1,29,1589,17.7,16,13,0,5,4,9,5,0,0,0,3.8,3.8,3.7,7.6,4.4,7.6,+1.2,+1.2,+0.3,0.12,31,0.16,0.33,15,48.4,15.0,0,FW,8236f673
289,Christantus Uche,3.8,2486,2024-2025,21,ng NGA,Getafe,es La Liga,33,2486,27.6,30,3,0,4,6,10,4,0,0,0,3.8,3.8,2.9,6.7,3.1,6.7,+0.2,+0.2,+3.1,0.08,50,0.08,0.29,14,28.0,17.1,0,FWMF,87941696
290,Diego,3.8,1195,2024-2025,24,es ESP,Leganés,es La Liga,28,1195,13.3,13,15,6,3,0,3,3,0,0,0,3.8,3.8,0.2,4.0,0.2,4.0,-0.8,-0.8,-0.2,0.13,29,0.10,0.33,9,31.0,14.1,0,FW,b85a5126
291,Hákon Arnar Haraldsson,3.8,1755,2024-2025,21,is ISL,Lille,fr Ligue 1,25,1755,19.5,21,4,1,5,3,8,5,0,0,0,3.8,3.8,2.8,6.6,3.2,6.6,+1.2,+1.2,+0.2,0.11,35,0.14,0.38,13,37.1,17.1,2,MFFW,e2ae54db
292,Christian Kouamé,3.7,1129,2024-2025,26,ci CIV,2 Teams,it Serie A,26,1129,12.5,10,16,3,1,1,2,1,0,0,0,3.7,3.7,2.2,2.5,1.3,5.9,-2.7,-2.7,-1.2,0.14,27,0.04,0.17,6,22.2,14.3,0,FWMF,58e933d2
293,Mathys Tel,3.7,1167,2024-2025,19,fr FRA,2 Teams,2 Comps,21,1167,13.0,13,8,10,2,2,4,1,1,1,0,3.7,2.9,2.8,5.5,2.1,5.7,-1.7,-1.9,-0.8,0.09,32,0.03,0.09,11,34.4,16.6,1,FW,829aa60c
294,Marius Bülter,3.7,1729,2024-2025,31,de GER,Hoffenheim,de Bundesliga,25,1729,19.2,22,3,0,7,2,9,7,0,0,0,3.7,3.7,3.1,6.8,3.4,6.8,+3.3,+3.3,-1.1,0.10,37,0.19,0.47,15,40.5,16.2,0,FWDF,ab5b7dc1
295,Gabriel Strefezza,3.7,2619,2024-2025,27,br BRA,Como,it Serie A,37,2619,29.1,32,5,0,6,4,10,6,0,0,0,3.7,3.7,3.9,7.6,4.1,7.6,+2.3,+2.3,+0.1,0.06,58,0.10,0.29,21,36.2,20.5,2,FWMF,ac4a4508
296,Patrick Wimmer,3.7,1770,2024-2025,23,at AUT,Wolfsburg,de Bundesliga,29,1770,19.7,22,7,0,3,4,7,3,0,0,0,3.7,3.7,2.9,6.7,3.4,6.7,-0.7,-0.7,+1.1,0.09,41,0.07,0.30,10,24.4,17.7,1,MFFW,cb11b429
297,Paul Wanner,3.7,1771,2024-2025,18,de GER,Heidenheim,de Bundesliga,29,1771,19.7,20,9,4,3,2,5,2,1,1,0,3.7,2.9,1.3,4.9,1.8,4.1,-0.7,-0.9,+0.7,0.12,24,0.08,0.40,5,20.8,18.2,3,MFFW,cb64672e
298,Jamie Gittens,3.6,1776,2024-2025,19,eng ENG,Dortmund,de Bundesliga,32,1776,19.7,21,11,2,8,3,11,8,0,0,0,3.6,3.6,2.5,6.1,4.1,6.1,+4.4,+4.4,+0.5,0.07,52,0.15,0.33,24,46.2,17.1,0,FWMF,10745192
299,Takefusa Kubo,3.6,2372,2024-2025,23,jp JPN,Real Sociedad,es La Liga,36,2372,26.4,27,9,1,5,0,5,5,0,0,0,3.6,3.6,4.5,8.0,3.8,8.0,+1.4,+1.4,-4.5,0.08,43,0.12,0.36,14,32.6,16.1,0,MFFW,16aa3654
300,Umar Sadiq,3.6,1052,2024-2025,27,ng NGA,2 Teams,es La Liga,23,1052,11.7,11,12,13,5,0,5,5,0,0,0,3.6,3.6,0.9,4.1,0.5,4.5,+1.4,+1.4,-0.9,0.16,25,0.20,0.71,7,28.0,14.3,0,FW,686cbe7d
301,Pablo Durán,3.6,1394,2024-2025,23,es ESP,Celta Vigo,es La Liga,27,1394,15.5,15,12,10,4,4,8,4,0,0,0,3.6,3.6,2.8,6.5,1.0,6.5,+0.4,+0.4,+1.2,0.14,26,0.15,0.44,9,34.6,14.8,0,FWMF,6db116ec
302,Jens Odgaard,3.6,1952,2024-2025,25,dk DEN,Bologna,it Serie A,29,1952,21.7,24,5,3,6,1,7,6,0,0,0,3.6,3.6,1.8,5.4,1.4,5.4,+2.4,+2.4,-0.8,0.07,49,0.12,0.27,22,44.9,19.5,1,MFFW,75374ee7
303,Paul Onuachu,3.6,1050,2024-2025,30,ng NGA,Southampton,eng Premier League,25,1050,11.7,11,14,3,4,1,5,4,0,0,0,3.6,3.6,0.5,4.1,0.3,4.1,+0.4,+0.4,+0.5,0.11,34,0.12,0.27,15,44.1,10.4,0,FW,c06d1086
304,Roberto Férnandez,3.6,1497,2024-2025,22,es ESP,Espanyol,es La Liga,19,1497,16.6,18,1,0,6,0,6,6,0,0,0,3.6,3.6,0.6,4.2,0.5,4.2,+2.4,+2.4,-0.6,0.17,21,0.29,0.67,9,42.9,14.0,0,FW,c981fc98
305,Farid El Melali,3.6,1893,2024-2025,27,dz ALG,Angers,fr Ligue 1,32,1893,21.0,22,10,0,2,3,5,2,0,0,0,3.6,3.6,3.1,6.7,3.0,6.7,-1.6,-1.6,-0.1,0.08,46,0.04,0.14,14,30.4,21.9,7,FW,d21e361a
306,Jordan Ayew,3.6,1659,2024-2025,32,gh GHA,2 Teams,eng Premier League,31,1659,18.4,19,12,6,5,0,5,4,1,1,0,3.6,2.9,1.2,0.5,1.5,4.0,+1.4,+1.1,-1.2,0.09,32,0.13,0.50,8,25.0,18.4,4,FWMF,da052c14
307,Toni Martínez,3.6,1012,2024-2025,27,es ESP,Alavés,es La Liga,28,1012,11.2,9,19,8,4,0,4,4,0,0,0,3.6,3.6,0.6,4.2,0.9,4.2,+0.4,+0.4,-0.6,0.08,46,0.09,0.27,15,32.6,17.1,0,FW,f3945e07
308,Tanguy Coulibaly,3.5,1485,2024-2025,23,fr FRA,Montpellier,fr Ligue 1,25,1485,16.5,17,8,2,3,0,3,3,0,0,0,3.5,3.5,1.3,4.8,1.0,4.8,-0.5,-0.5,-1.3,0.12,30,0.10,0.23,13,43.3,15.4,0,FWMF,05ba9d7c
309,Steven Skrzybski,3.5,1323,2024-2025,31,de GER,Holstein Kiel,de Bundesliga,24,1323,14.7,15,9,0,6,3,9,5,1,1,0,3.5,2.7,2.9,6.4,3.3,5.6,+2.5,+2.3,+0.1,0.09,32,0.16,0.42,12,37.5,20.2,0,MFFW,58ce23e5
310,Pedro Neto,3.5,2269,2024-2025,24,pt POR,Chelsea,eng Premier League,35,2269,25.2,24,11,1,4,6,10,4,0,0,0,3.5,3.5,6.7,10.2,4.8,10.2,+0.5,+0.5,-0.7,0.06,59,0.07,0.24,17,28.8,18.2,0,FW,7ba2eaa9
311,Lee Kang-in,3.5,1663,2024-2025,23,kr KOR,Paris S-G,fr Ligue 1,30,1663,18.5,19,11,2,6,6,12,6,0,0,0,3.5,3.5,5.6,9.1,6.4,9.1,+2.5,+2.5,+0.4,0.09,41,0.15,0.43,14,34.1,19.0,1,FWMF,8455ad90
312,Félix Lemaréchal,3.5,1779,2024-2025,20,fr FRA,Strasbourg,fr Ligue 1,27,1779,19.8,20,7,5,4,3,7,4,0,0,0,3.5,3.5,2.9,6.4,2.0,6.4,+0.5,+0.5,+0.1,0.14,25,0.16,0.44,9,36.0,14.4,0,MFFW,8ca9415f
313,Carlos Vicente,3.5,3092,2024-2025,25,es ESP,Alavés,es La Liga,37,3092,34.4,35,2,1,5,5,10,4,1,1,0,3.5,2.7,5.4,8.9,5.9,8.1,+1.5,+1.3,-0.4,0.08,35,0.11,0.31,13,37.1,18.2,1,FWMF,90df343e
314,Jack Harrison,3.5,2076,2024-2025,27,eng ENG,Everton,eng Premier League,34,2076,23.1,24,10,4,1,0,1,1,0,0,0,3.5,3.5,3.7,7.2,3.1,7.2,-2.5,-2.5,-3.7,0.12,29,0.03,0.14,7,24.1,16.2,0,FW,aa849a12
315,Borja Mayoral,3.4,1114,2024-2025,27,es ESP,Getafe,es La Liga,24,1114,12.4,7,17,1,5,1,6,4,1,1,0,3.4,2.6,0.9,4.4,0.3,3.6,+1.6,+1.4,+0.1,0.14,19,0.21,0.50,8,42.1,13.9,0,FW,64e8ed6d
316,Timothy Weah,3.4,1638,2024-2025,24,us USA,Juventus,it Serie A,30,1638,18.2,18,12,2,5,2,7,5,0,0,0,3.4,3.4,1.6,5.1,1.2,5.1,+1.6,+1.6,+0.4,0.16,21,0.24,0.56,9,42.9,20.3,0,DFFW,8eec784d
317,Nikola Vlašić,3.4,2117,2024-2025,26,hr CRO,Torino,it Serie A,30,2117,23.5,23,7,1,5,4,9,3,2,2,0,3.4,1.8,2.4,5.8,2.0,4.2,+1.6,+1.2,+1.6,0.06,30,0.10,0.30,10,33.3,22.2,0,MFFW,aa8e289e
318,Marshall Munetsi,3.3,1078,2024-2025,28,zw ZIM,Wolves,eng Premier League,14,1078,12.0,12,2,0,2,1,3,2,0,0,0,3.3,3.3,1.8,5.1,1.1,5.1,-1.3,-1.3,-0.8,0.15,22,0.09,0.29,7,31.8,15.0,0,MFFW,2acf0cd7
319,Arda Güler,3.3,1250,2024-2025,19,tr TUR,Real Madrid,es La Liga,28,1250,13.9,14,14,10,3,4,7,3,0,0,0,3.3,3.3,4.5,7.7,4.4,7.7,-0.3,-0.3,-0.5,0.08,39,0.08,0.19,16,41.0,20.0,2,MFFW,3741ca58
320,Mathias Honsak,3.3,1181,2024-2025,27,at AUT,Heidenheim,de Bundesliga,22,1181,13.1,12,10,0,5,1,6,5,0,0,0,3.3,3.3,1.6,4.9,1.9,4.9,+1.7,+1.7,-0.6,0.12,29,0.17,0.50,10,34.5,17.1,1,FWDF,3dbdbb6a
321,Josué Casimir,3.3,1997,2024-2025,22,fr FRA,Le Havre,fr Ligue 1,27,1997,22.2,23,4,0,4,4,8,4,0,0,0,3.3,3.3,3.4,6.7,2.2,6.7,+0.7,+0.7,+0.6,0.12,27,0.15,0.44,9,33.3,15.7,0,FWMF,481f76cf
322,Adrian Beck,3.3,1598,2024-2025,27,de GER,Heidenheim,de Bundesliga,32,1598,17.8,18,14,1,4,1,5,4,0,0,0,3.3,3.3,1.2,4.5,1.9,4.5,+0.7,+0.7,-0.2,0.08,39,0.10,0.31,13,33.3,17.8,0,MFFW,616c09f5
323,Adam Armstrong,3.3,1248,2024-2025,27,eng ENG,Southampton,eng Premier League,20,1248,13.9,15,5,4,2,2,4,2,0,1,1,3.3,2.3,1.2,4.5,0.6,3.5,-1.3,-0.3,+0.8,0.09,25,0.08,0.29,7,28.0,16.6,0,FWMF,68c720b5
324,Habib Diarra,3.3,2352,2024-2025,20,sn SEN,Strasbourg,fr Ligue 1,30,2352,26.1,27,3,0,4,5,9,2,2,2,0,3.3,1.8,4.5,7.9,4.3,6.3,+0.7,+0.2,+0.5,0.07,25,0.08,0.20,10,40.0,20.2,1,MFFW,6d0fe035
325,Mathias Pereira Lage,3.3,1571,2024-2025,27,pt POR,Brest,fr Ligue 1,29,1571,17.5,18,11,5,2,7,9,2,0,0,0,3.3,3.3,3.5,6.8,3.3,6.8,-1.3,-1.3,+3.5,0.09,36,0.06,0.13,15,41.7,17.2,3,FWMF,8846a40f
326,Federico Dimarco,3.3,2177,2024-2025,26,it ITA,Inter,it Serie A,33,2177,24.2,29,4,2,4,7,11,4,0,0,0,3.3,3.3,6.1,9.5,5.1,9.5,+0.7,+0.7,+0.9,0.06,56,0.07,0.19,21,37.5,20.1,8,DFFW,970b8574
327,Patrick Dorgu,3.3,1840,2024-2025,19,dk DEN,Lecce,it Serie A,21,1840,20.4,21,0,1,3,1,4,3,0,0,0,3.3,3.3,1.5,4.8,1.0,4.8,-0.3,-0.3,-0.5,0.09,36,0.08,0.30,10,27.8,19.0,0,DFFW,e6536124
328,Luis Rioja,3.3,2854,2024-2025,30,es ESP,2 Teams,es La Liga,37,2854,31.7,33,4,0,5,3,8,3,2,2,0,3.3,1.7,4.6,0.1,5.7,6.3,+1.7,+1.3,-1.6,0.06,28,0.11,0.25,12,42.9,21.2,1,FW,eb3dd471
329,Milan Đurić,3.2,1538,2024-2025,34,ba BIH,2 Teams,it Serie A,27,1538,17.1,16,11,3,5,1,6,5,0,0,0,3.2,3.2,1.1,4.0,0.3,4.3,+1.8,+1.8,-0.1,0.11,28,0.18,0.45,11,39.3,11.9,0,FW,405f6586
330,Rubén García,3.2,2413,2024-2025,31,es ESP,Osasuna,es La Liga,36,2413,26.8,30,6,0,5,5,10,5,0,0,0,3.2,3.2,3.6,6.8,4.6,6.8,+1.8,+1.8,+1.4,0.12,27,0.19,0.50,10,37.0,16.1,3,FWMF,5c96b017
331,Amin Sarr,3.2,1907,2024-2025,23,se SWE,Hellas Verona,it Serie A,32,1907,21.2,25,7,4,4,1,5,4,0,0,0,3.2,3.2,2.1,5.4,1.0,5.4,+0.8,+0.8,-1.1,0.15,23,0.17,0.57,7,30.4,14.3,0,FW,d5326924
332,Fabio Miretti,3.1,1677,2024-2025,20,it ITA,Genoa,it Serie A,25,1677,18.6,22,3,2,3,3,6,3,0,0,0,3.1,3.1,2.0,5.1,2.1,5.1,-0.1,-0.1,+1.0,0.13,24,0.13,0.50,6,25.0,17.4,1,MFFW,34693494
333,Keane Lewis-Potter,3.1,3093,2024-2025,23,eng ENG,Brentford,eng Premier League,38,3093,34.4,36,2,0,1,3,4,1,0,0,0,3.1,3.1,3.2,6.3,4.9,6.3,-2.1,-2.1,-0.2,0.11,28,0.04,0.07,14,50.0,20.2,1,DFFW,41f08ac8
334,Oladapo Afolayan,3.1,1639,2024-2025,26,eng ENG,St. Pauli,de Bundesliga,32,1639,18.2,17,15,2,3,1,4,3,0,0,0,3.1,3.1,3.8,7.0,3.6,7.0,-0.1,-0.1,-2.8,0.08,38,0.08,0.23,13,34.2,20.4,0,FWMF,5054c359
335,Matteo Politano,3.1,2804,2024-2025,30,it ITA,Napoli,it Serie A,37,2804,31.2,34,3,0,3,4,7,3,0,0,0,3.1,3.1,4.8,7.9,5.2,7.9,-0.1,-0.1,-0.8,0.06,56,0.05,0.21,14,25.0,19.5,1,FWMF,5e861944
336,John McGinn,3.1,2223,2024-2025,29,sct SCO,Aston Villa,eng Premier League,34,2223,24.7,27,7,0,1,4,5,1,0,0,0,3.1,2.8,3.5,6.6,2.7,6.3,-2.1,-1.8,+0.5,0.09,31,0.03,0.20,5,16.1,17.0,1,MFFW,90f91999
337,Santiago Pierotti,3.1,1937,2024-2025,23,ar ARG,Lecce,it Serie A,36,1937,21.5,22,14,1,4,2,6,4,0,0,0,3.1,3.1,2.4,5.5,1.4,5.5,+0.9,+0.9,-0.4,0.10,32,0.13,0.57,7,21.9,15.1,0,FW,ec315772
338,Nathan Tella,3.1,1359,2024-2025,25,ng NGA,Leverkusen,de Bundesliga,27,1359,15.1,17,10,3,2,4,6,2,0,0,0,3.1,3.1,1.5,4.6,1.6,4.6,-1.1,-1.1,+2.5,0.11,28,0.07,0.20,10,35.7,15.5,0,MFFW,f1e94cd6
339,Mama Samba Baldé,3.1,1182,2024-2025,28,gw GNB,2 Teams,fr Ligue 1,29,1182,13.1,12,17,0,2,3,5,2,0,0,0,3.1,3.1,2.1,0.1,1.4,5.3,-1.1,-1.1,+0.9,0.10,30,0.07,0.25,8,26.7,15.5,0,FW,fb14aa28
340,John Yeboah,3.0,1226,2024-2025,24,ec ECU,Venezia,it Serie A,33,1226,13.6,11,22,0,1,1,2,1,0,0,0,3.0,3.0,1.9,4.9,1.5,4.9,-2.0,-2.0,-0.9,0.10,30,0.03,0.10,10,33.3,16.6,0,FWMF,8dfdc6c3
341,Mitchel Bakker,3.0,1139,2024-2025,24,nl NED,Lille,fr Ligue 1,24,1139,12.7,14,10,3,3,2,5,3,0,0,0,3.0,3.0,2.7,5.6,2.3,5.6,0.0,0.0,-0.7,0.13,23,0.13,0.30,10,43.5,18.9,5,FWDF,a8567629
342,Tete Morente,2.9,2021,2024-2025,27,es ESP,Lecce,it Serie A,31,2021,22.5,23,8,5,3,2,5,3,0,0,0,2.9,2.9,1.6,4.5,1.2,4.5,+0.1,+0.1,+0.4,0.07,41,0.07,0.23,13,31.7,20.8,0,FWMF,004d185e
343,Antonio Sanabria,2.9,1318,2024-2025,28,py PAR,Torino,it Serie A,26,1318,14.6,16,10,10,2,1,3,2,0,1,1,2.9,2.1,0.5,3.4,0.7,2.6,-0.9,-0.1,+0.5,0.12,18,0.11,0.50,4,22.2,15.1,0,FW,0a447501
344,Matias Fernandez-Pardo,2.9,1065,2024-2025,19,be BEL,Lille,fr Ligue 1,22,1065,11.8,12,10,3,4,2,6,4,0,0,0,2.9,2.9,2.8,5.7,1.9,5.7,+1.1,+1.1,-0.8,0.12,23,0.17,0.33,12,52.2,17.8,0,FWMF,0cdb6a2a
345,Chris Führich,2.9,1981,2024-2025,26,de GER,Stuttgart,de Bundesliga,33,1981,22.0,23,10,0,2,3,5,2,0,0,0,2.9,2.9,3.7,6.6,6.0,6.6,-0.9,-0.9,-0.7,0.08,36,0.06,0.17,12,33.3,17.3,2,MFFW,0cf778df
346,Osame Sahraoui,2.9,1293,2024-2025,23,ma MAR,Lille,fr Ligue 1,30,1293,14.4,10,20,1,3,3,6,3,0,0,0,2.9,2.9,3.6,6.5,4.3,6.5,+0.1,+0.1,-0.6,0.13,23,0.13,0.38,8,34.8,15.6,0,FWMF,6f9fa232
347,Antony,2.9,1362,2024-2025,24,br BRA,Betis,es La Liga,17,1362,15.1,15,2,0,5,2,7,5,0,0,0,2.9,2.9,3.5,6.3,2.9,6.3,+2.1,+2.1,-1.5,0.07,43,0.12,0.29,17,39.5,19.9,1,FW,99127249
348,Keinan Davis,2.9,1066,2024-2025,26,eng ENG,Udinese,it Serie A,23,1066,11.8,10,13,2,2,1,3,2,0,0,0,2.9,2.9,2.1,5.0,0.7,5.0,-0.9,-0.9,-1.1,0.10,29,0.07,0.18,11,37.9,12.7,0,FW,9deaf2c8
349,Mario Götze,2.9,1542,2024-2025,32,de GER,Eint Frankfurt,de Bundesliga,24,1542,17.1,18,6,4,3,2,5,3,0,0,0,2.9,2.9,3.1,6.0,1.9,6.0,+0.1,+0.1,-1.1,0.37,8,0.38,0.60,5,62.5,10.1,0,MFFW,9efa1d25
350,Omari Hutchinson,2.9,2583,2024-2025,20,eng ENG,Ipswich Town,eng Premier League,31,2583,28.7,30,1,1,3,2,5,3,0,0,0,2.9,2.9,3.5,6.4,2.5,6.4,+0.1,+0.1,-1.5,0.06,45,0.07,0.17,18,40.0,19.6,4,MFFW,bd9553e6
351,Mikkel Damsgaard,2.8,2911,2024-2025,24,dk DEN,Brentford,eng Premier League,38,2911,32.3,34,4,0,2,10,12,2,0,0,0,2.8,2.8,8.4,11.2,7.0,11.2,-0.8,-0.8,+1.6,0.08,35,0.06,0.29,7,20.0,17.6,3,MFFW,215f3907
352,Jeong Woo-yeong,2.8,1263,2024-2025,24,kr KOR,Union Berlin,de Bundesliga,23,1263,14.0,17,6,0,3,2,5,3,0,0,0,2.8,2.8,1.7,4.4,2.1,4.4,+0.2,+0.2,+0.3,0.11,25,0.12,0.50,6,24.0,18.5,1,MFFW,6190474d
353,Dani Rodríguez,2.8,2162,2024-2025,36,es ESP,Mallorca,es La Liga,37,2162,24.0,26,11,0,4,7,11,4,0,0,0,2.8,2.8,3.1,6.0,3.4,6.0,+1.2,+1.2,+3.9,0.09,31,0.13,0.40,10,32.3,17.9,1,MFFW,70f8e0bd
354,Morten Thorsby,2.8,1898,2024-2025,28,no NOR,Genoa,it Serie A,30,1898,21.1,22,8,2,0,1,1,0,0,0,0,2.8,2.8,2.1,4.9,1.2,4.9,-2.8,-2.8,-1.1,0.19,15,0.00,0.00,6,40.0,12.2,0,MFFW,d1b49282
355,Viktor Tsyhankov,2.8,1913,2024-2025,26,ua UKR,Girona,es La Liga,27,1913,21.3,23,4,1,2,5,7,2,0,0,0,2.8,2.8,3.9,6.7,4.3,6.7,-0.8,-0.8,+1.1,0.08,35,0.06,0.22,9,25.7,19.9,5,FWMF,f7e87032
356,Badredine Bouanani,2.7,1099,2024-2025,19,dz ALG,Nice,fr Ligue 1,26,1099,12.2,11,15,5,3,3,6,2,1,1,0,2.7,1.9,2.4,5.1,2.2,4.3,+0.3,+0.1,+0.6,0.06,30,0.07,0.14,14,46.7,20.3,1,MFFW,0400dd2f
357,Takuma Asano,2.7,1054,2024-2025,29,jp JPN,Mallorca,es La Liga,21,1054,11.7,13,8,2,2,1,3,2,0,0,0,2.7,2.7,0.7,3.4,0.6,3.4,-0.7,-0.7,+0.3,0.10,28,0.07,0.25,8,28.6,13.6,0,FWMF,13ddc856
358,David Neres,2.7,1283,2024-2025,27,br BRA,Napoli,it Serie A,28,1283,14.3,13,15,1,2,4,6,2,0,0,0,2.7,2.7,3.5,6.2,3.2,6.2,-0.7,-0.7,+0.5,0.09,29,0.07,0.29,7,24.1,18.1,0,FW,4f1e6a0b
359,Andrea Colpani,2.7,1450,2024-2025,25,it ITA,Fiorentina,it Serie A,25,1450,16.1,18,7,2,2,1,3,2,0,0,0,2.7,2.7,1.3,3.9,1.3,3.9,-0.7,-0.7,-0.3,0.07,36,0.06,0.17,12,33.3,18.5,2,FWMF,6499048c
360,Kamory Doumbia,2.7,1322,2024-2025,21,ml MLI,Brest,fr Ligue 1,30,1322,14.7,13,17,1,3,2,5,3,0,0,0,2.7,2.7,1.2,3.9,1.8,3.9,+0.3,+0.3,+0.8,0.13,22,0.14,0.30,10,45.5,16.7,1,MFFW,9226aa22
361,Julio Enciso,2.7,1163,2024-2025,20,py PAR,2 Teams,eng Premier League,25,1163,12.9,14,11,7,2,3,5,2,0,0,0,2.7,2.7,1.6,3.1,1.3,4.3,-0.7,-0.7,+1.4,0.05,52,0.04,0.09,22,42.3,22.3,2,MFFW,9cfbad36
362,Bryan Zaragoza,2.7,1836,2024-2025,23,es ESP,Osasuna,es La Liga,27,1836,20.4,22,5,1,1,6,7,1,0,0,0,2.7,2.7,3.2,5.9,5.1,5.9,-1.7,-1.7,+2.8,0.06,42,0.02,0.08,13,31.0,20.2,0,FWMF,a96103b2
363,Marcos André,2.7,1188,2024-2025,27,br BRA,Valladolid,es La Liga,22,1188,13.2,14,8,13,1,2,3,1,0,0,0,2.7,2.7,0.8,3.5,0.3,3.5,-1.7,-1.7,+1.2,0.12,22,0.05,0.50,2,9.1,14.0,0,FW,ae86d473
364,Matteo Cancellieri,2.7,1424,2024-2025,22,it ITA,Parma,it Serie A,27,1424,15.8,19,8,2,3,0,3,3,0,0,0,2.7,2.7,0.7,3.4,0.7,3.4,+0.3,+0.3,-0.7,0.12,22,0.14,0.43,7,31.8,17.6,0,FWMF,b6a1cdf9
365,Juan Cruz,2.7,2257,2024-2025,24,es ESP,Leganés,es La Liga,34,2257,25.1,26,8,4,5,4,9,5,0,0,0,2.7,2.7,4.1,6.9,3.7,6.9,+2.3,+2.3,-0.1,0.08,33,0.15,0.36,14,42.4,21.0,1,FWMF,cc2dd8a5
366,Fares Chaïbi,2.6,1013,2024-2025,21,dz ALG,Eint Frankfurt,de Bundesliga,26,1013,11.3,10,16,4,1,3,4,1,0,0,0,2.6,2.6,2.9,5.5,2.9,5.5,-1.6,-1.6,+0.1,0.10,25,0.04,0.17,6,24.0,18.4,2,MFFW,357103bd
367,Randy Nteka,2.6,1129,2024-2025,26,ao ANG,Rayo Vallecano,es La Liga,24,1129,12.5,16,8,9,3,0,3,3,0,0,0,2.6,2.6,0.5,3.1,0.3,3.1,+0.4,+0.4,-0.5,0.16,16,0.19,0.38,8,50.0,13.6,0,FW,a6103274
368,Jofre,2.5,2165,2024-2025,23,es ESP,Espanyol,es La Liga,37,2165,24.1,26,11,0,3,3,6,3,0,0,0,2.5,2.5,2.5,5.0,1.9,5.0,+0.5,+0.5,+0.5,0.06,40,0.08,0.30,10,25.0,19.5,0,MFFW,030ef8d6
369,Callum Hudson-Odoi,2.5,2194,2024-2025,23,eng ENG,Nott'ham Forest,eng Premier League,31,2194,24.4,25,6,1,5,2,7,5,0,0,0,2.5,2.5,2.7,5.2,2.6,5.2,+2.5,+2.5,-0.7,0.07,37,0.14,0.29,17,45.9,18.3,0,FWMF,15f3ec41
370,Simon Adingra,2.5,1097,2024-2025,22,ci CIV,Brighton,eng Premier League,29,1097,12.2,12,17,6,2,2,4,2,0,0,0,2.5,2.5,2.5,4.9,2.8,4.9,-0.5,-0.5,-0.5,0.07,33,0.06,0.25,8,24.2,17.0,0,FWMF,4dcec659
371,Bertuğ Yıldırım,2.5,1083,2024-2025,22,tr TUR,Getafe,es La Liga,22,1083,12.0,14,8,12,1,0,1,1,0,0,0,2.5,2.5,1.2,3.7,0.6,3.7,-1.5,-1.5,-1.2,0.13,19,0.05,0.14,7,36.8,11.4,0,FW,7410d325
372,Yassine Kechta,2.5,2096,2024-2025,22,ma MAR,Le Havre,fr Ligue 1,31,2096,23.3,25,6,2,2,0,2,2,0,0,0,2.5,2.5,1.2,3.7,1.4,3.7,-0.5,-0.5,-1.2,0.09,29,0.07,0.22,9,31.0,25.7,2,MFFW,abefc3af
373,Tyler Dibling,2.5,1874,2024-2025,18,eng ENG,Southampton,eng Premier League,33,1874,20.8,20,13,1,2,0,2,2,0,0,0,2.5,2.5,1.5,4.1,1.5,4.1,-0.5,-0.5,-1.5,0.09,28,0.07,0.22,9,32.1,19.3,0,FWMF,bdcc89ae
374,Peque,2.5,1134,2024-2025,21,es ESP,Sevilla,es La Liga,26,1134,12.6,14,12,11,1,1,2,1,0,0,0,2.5,2.5,1.2,3.7,0.9,3.7,-1.5,-1.5,-0.2,0.13,19,0.05,0.25,4,21.1,15.7,0,MFFW,cb971b4f
375,Alexis Saelemaekers,2.5,1479,2024-2025,25,be BEL,2 Teams,it Serie A,23,1479,16.4,18,5,5,7,3,10,7,0,0,0,2.5,2.5,2.7,5.1,2.3,5.2,+4.5,+4.5,+0.3,0.10,25,0.28,0.58,12,48.0,16.7,0,DFFW,ee251371
376,Angelo Fulgini,2.4,1045,2024-2025,27,fr FRA,Lens,fr Ligue 1,23,1045,11.6,11,12,6,1,1,2,1,0,0,0,2.4,2.4,3.8,6.2,3.8,6.2,-1.4,-1.4,-2.8,0.09,26,0.04,0.11,9,34.6,17.9,2,MFFW,4b96c347
377,Valentin Mihaila,2.4,1288,2024-2025,24,ro ROU,Parma,it Serie A,21,1288,14.3,16,5,2,0,3,3,0,0,0,0,2.4,2.4,1.2,3.6,1.1,3.6,-2.4,-2.4,+1.8,0.08,31,0.00,0.00,11,35.5,22.1,5,FWMF,81a4c239
378,Carles Pérez,2.4,1431,2024-2025,26,es ESP,Getafe,es La Liga,27,1431,15.9,15,12,11,3,0,3,3,0,0,0,2.4,2.4,1.5,3.9,1.3,3.9,+0.6,+0.6,-1.5,0.07,34,0.09,0.33,9,26.5,21.1,1,MFFW,a8f21b9f
379,Wahbi Khazri,2.3,1118,2024-2025,33,tn TUN,Montpellier,fr Ligue 1,30,1118,12.4,10,20,2,1,1,2,1,0,0,0,2.3,2.3,2.2,4.4,1.8,4.4,-1.3,-1.3,-1.2,0.06,36,0.03,0.17,6,16.7,24.7,4,FWMF,2677a1de
380,Aleksandr Golovin,2.3,1153,2024-2025,28,ru RUS,Monaco,fr Ligue 1,19,1153,12.8,13,6,2,3,0,3,3,0,0,0,2.3,2.3,2.4,4.7,3.2,4.7,+0.7,+0.7,-2.4,0.10,24,0.13,0.33,9,37.5,21.4,0,MFFW,3708e9fa
381,Alejo Véliz,2.3,1127,2024-2025,20,ar ARG,Espanyol,es La Liga,27,1127,12.5,10,17,11,1,0,1,1,0,0,0,2.3,2.3,0.6,2.8,0.1,2.8,-1.3,-1.3,-0.6,0.12,19,0.05,0.17,6,31.6,10.7,0,FW,3f7bafbe
382,Francisco Conceição,2.3,1340,2024-2025,21,pt POR,Juventus,it Serie A,26,1340,14.9,12,14,2,3,3,6,3,0,0,0,2.3,2.3,4.3,6.6,4.4,6.6,+0.7,+0.7,-1.3,0.06,40,0.08,0.23,13,32.5,18.1,1,FWMF,5ef3d210
383,Carlos Martín,2.3,1333,2024-2025,22,es ESP,Alavés,es La Liga,26,1333,14.8,16,10,10,2,2,4,2,0,0,0,2.3,2.3,2.7,5.0,1.4,5.0,-0.3,-0.3,-0.7,0.09,26,0.08,0.17,12,46.2,17.0,0,FWMF,64035864
384,Bryan Gil,2.3,1721,2024-2025,23,es ESP,Girona,es La Liga,25,1721,19.1,21,4,0,3,3,6,3,0,0,0,2.3,2.3,2.9,5.2,3.2,5.2,+0.7,+0.7,+0.1,0.07,32,0.09,0.20,15,46.9,19.0,0,FWMF,7b5ab7f2
385,Jesus Rodríguez,2.3,1111,2024-2025,18,es ESP,Betis,es La Liga,21,1111,12.3,15,6,3,2,0,2,2,0,0,0,2.3,2.3,0.2,2.5,0.7,2.5,-0.3,-0.3,-0.2,0.10,23,0.09,0.25,8,34.8,17.9,0,FW,f9f74e43
386,Jeremie Boga,2.3,1054,2024-2025,27,ci CIV,Nice,fr Ligue 1,21,1054,11.7,12,9,3,1,2,3,1,0,0,0,2.3,2.3,2.8,5.1,3.2,5.1,-1.3,-1.3,-0.8,0.08,30,0.03,0.06,16,53.3,17.0,2,MFFW,fe012aca
387,Tom Bischof,2.2,2559,2024-2025,19,de GER,Hoffenheim,de Bundesliga,31,2559,28.4,30,1,0,5,2,7,5,0,0,0,2.2,2.2,3.6,5.9,4.8,5.9,+2.8,+2.8,-1.6,0.04,51,0.10,0.28,18,35.3,23.1,5,MFFW,07d3bfec
388,Ernest Nuamah,2.2,1052,2024-2025,20,gh GHA,Lyon,fr Ligue 1,23,1052,11.7,13,10,1,3,1,4,3,0,0,0,2.2,2.2,1.5,3.7,1.3,3.7,+0.8,+0.8,-0.5,0.08,28,0.11,0.23,13,46.4,17.3,0,FWMF,234a703c
389,Nicolas Viola,2.2,1267,2024-2025,34,it ITA,Cagliari,it Serie A,27,1267,14.1,18,9,10,3,1,4,3,0,0,0,2.2,2.2,1.9,4.1,2.6,4.1,+0.8,+0.8,-0.9,0.07,31,0.10,0.33,9,29.0,20.4,4,FWMF,45392b06
390,Benjamín Domínguez,2.2,1281,2024-2025,20,ar ARG,Bologna,it Serie A,24,1281,14.2,16,8,11,3,2,5,3,0,0,0,2.2,2.2,0.8,3.1,0.9,3.1,+0.8,+0.8,+1.2,0.07,30,0.10,0.18,17,56.7,19.2,0,FW,a83b47fa
391,Jadon Sancho,2.2,1764,2024-2025,24,eng ENG,Chelsea,eng Premier League,31,1764,19.6,19,12,1,3,4,7,3,0,0,0,2.2,2.2,3.7,5.8,3.1,5.8,+0.8,+0.8,+0.3,0.09,24,0.13,0.38,8,33.3,15.1,0,FW,dbf053da
392,Ramón Terrats,2.2,1350,2024-2025,23,es ESP,2 Teams,es La Liga,26,1350,15.0,16,10,5,4,1,5,4,0,0,0,2.2,2.2,2.8,0.3,1.4,5.0,+1.8,+1.8,-1.8,0.11,21,0.19,0.50,8,38.1,21.5,1,MFFW,f36016a5
393,Sergi Darder,2.1,2744,2024-2025,30,es ESP,Mallorca,es La Liga,38,2744,30.5,34,4,0,2,6,8,2,0,0,0,2.1,2.1,3.7,5.8,5.3,5.8,-0.1,-0.1,+2.3,0.06,36,0.06,0.22,9,25.0,24.2,1,MFFW,070a3904
394,Pontus Almqvist,2.1,1112,2024-2025,25,se SWE,Parma,it Serie A,29,1112,12.4,10,19,7,1,1,2,1,0,0,0,2.1,2.1,1.3,3.5,0.9,3.5,-1.1,-1.1,-0.3,0.08,26,0.04,0.11,9,34.6,17.4,0,FWMF,0917188a
395,Óscar Rodríguez Arnaiz,2.1,1330,2024-2025,26,es ESP,Leganés,es La Liga,29,1330,14.8,12,17,5,1,4,5,1,0,0,0,2.1,2.1,2.2,4.3,1.7,4.3,-1.1,-1.1,+1.8,0.06,33,0.03,0.17,6,18.2,25.1,9,MFFW,19709006
396,Jesper Lindstrøm,2.1,1239,2024-2025,24,dk DEN,Everton,eng Premier League,25,1239,13.8,15,10,3,0,1,1,0,0,0,0,2.1,2.1,2.0,4.1,2.0,4.1,-2.1,-2.1,-1.0,0.08,28,0.00,0.00,10,35.7,21.0,6,FW,37dc1a48
397,Dani de Wit,2.1,1153,2024-2025,26,nl NED,Bochum,de Bundesliga,28,1153,12.8,11,17,5,2,1,3,2,0,0,0,2.1,2.1,0.5,2.7,0.5,2.7,-0.1,-0.1,+0.5,0.11,20,0.10,0.29,7,35.0,11.7,0,MFFW,48a2b92a
398,Tim Skarke,2.1,1164,2024-2025,27,de GER,Union Berlin,de Bundesliga,33,1164,12.9,11,22,1,0,2,2,0,0,0,0,2.1,2.1,1.2,3.3,1.2,3.3,-2.1,-2.1,+0.8,0.10,20,0.00,0.00,9,45.0,18.5,0,FWMF,65857fdf
399,Zito Luvumbo,2.1,1606,2024-2025,22,ao ANG,Cagliari,it Serie A,26,1606,17.8,19,7,2,2,2,4,2,0,0,0,2.1,2.1,3.1,5.2,2.1,5.2,-0.1,-0.1,-1.1,0.09,23,0.09,0.50,4,17.4,16.0,0,FWMF,b09e0873
400,Yaser Asprilla,2.1,1405,2024-2025,20,co COL,Girona,es La Liga,27,1405,15.6,15,12,3,3,1,4,3,0,0,0,2.1,2.1,2.8,4.9,3.4,4.9,+0.9,+0.9,-1.8,0.05,38,0.08,0.27,11,28.9,22.9,2,FWMF,d139daf9
401,Adri Embarba,2.1,1607,2024-2025,32,es ESP,Rayo Vallecano,es La Liga,35,1607,17.9,18,17,3,1,1,2,1,0,0,0,2.1,2.1,2.7,4.8,2.5,4.8,-1.1,-1.1,-1.7,0.06,37,0.03,0.08,12,32.4,22.1,2,FWMF,db8f0eba
402,Noah Weißhaupt,2.1,1240,2024-2025,22,de GER,2 Teams,de Bundesliga,22,1240,13.8,13,9,8,1,0,1,1,0,0,0,2.1,2.1,1.8,3.9,1.9,3.9,-1.1,-1.1,-1.8,0.11,19,0.05,0.25,4,21.1,15.5,0,FWMF,dd676a97
403,Gerrit Holtmann,2.0,1136,2024-2025,29,ph PHI,Bochum,de Bundesliga,23,1136,12.6,12,11,2,2,1,3,2,0,0,0,2.0,2.0,2.9,4.9,2.8,4.9,0.0,0.0,-1.9,0.07,31,0.06,0.25,8,25.8,21.4,0,DFFW,2979c05a
404,Léo Scienza,2.0,1153,2024-2025,25,br BRA,Heidenheim,de Bundesliga,25,1153,12.8,13,12,6,3,3,6,3,0,0,0,2.0,2.0,3.7,5.8,4.1,5.8,+1.0,+1.0,-0.7,0.05,38,0.08,0.20,15,39.5,21.7,4,FWMF,79064bc9
405,Roberto Navarro,2.0,1278,2024-2025,22,es ESP,Mallorca,es La Liga,23,1278,14.2,15,8,2,1,0,1,1,0,0,0,2.0,2.0,1.9,3.9,1.5,3.9,-1.0,-1.0,-1.9,0.11,18,0.06,0.17,6,33.3,16.2,0,MFFW,c997b942
406,Unai Gómez,1.9,1284,2024-2025,21,es ESP,Athletic Club,es La Liga,32,1284,14.3,14,18,4,1,3,4,1,0,0,0,1.9,1.9,0.8,2.7,0.9,2.7,-0.9,-0.9,+2.2,0.10,19,0.05,0.25,4,21.1,17.5,1,MFFW,37db6cae
407,Yunus Musah,1.9,1571,2024-2025,21,us USA,Milan,it Serie A,29,1571,17.5,19,10,5,0,2,2,0,0,0,0,1.9,1.9,1.8,3.8,1.5,3.8,-1.9,-1.9,+0.2,0.09,22,0.00,0.00,5,22.7,19.5,0,MFFW,b51b1b9c
408,Stephy Mavididi,1.8,1615,2024-2025,26,eng ENG,Leicester City,eng Premier League,30,1615,17.9,16,14,3,4,1,5,4,0,0,0,1.8,1.8,2.6,4.4,3.3,4.4,+2.2,+2.2,-1.6,0.07,26,0.15,0.57,7,26.9,16.1,1,FW,30144daa
409,Pablo Fornals,1.8,1827,2024-2025,28,es ESP,Betis,es La Liga,26,1827,20.3,22,4,2,2,0,2,2,0,0,0,1.8,1.8,3.3,5.1,2.9,5.1,+0.2,+0.2,-3.3,0.08,23,0.09,0.50,4,17.4,21.7,0,MFFW,82927de4
410,Carlos Soler,1.8,1409,2024-2025,27,es ESP,West Ham,eng Premier League,31,1409,15.7,14,17,2,1,1,2,1,0,0,0,1.8,1.8,1.4,3.2,1.9,3.2,-0.8,-0.8,-0.4,0.07,25,0.04,0.13,8,32.0,19.0,1,MFFW,fed17f5a
411,Anass Zaroury,1.7,1405,2024-2025,23,ma MAR,Lens,fr Ligue 1,28,1405,15.6,16,12,4,2,2,4,2,0,0,0,1.7,1.7,2.9,4.6,3.3,4.6,+0.3,+0.3,-0.9,0.05,35,0.06,0.17,12,34.3,22.4,0,FWMF,07d65234
412,Leon Bailey,1.7,1139,2024-2025,26,jm JAM,Aston Villa,eng Premier League,24,1139,12.7,14,10,5,1,2,3,1,0,0,0,1.7,1.7,1.5,3.3,3.0,3.3,-0.7,-0.7,+0.5,0.06,28,0.04,0.17,6,21.4,17.3,2,FWMF,3a233281
413,Alieu Fadera,1.7,1644,2024-2025,22,gm GAM,Como,it Serie A,28,1644,18.3,20,8,6,1,3,4,1,0,0,0,1.7,1.7,4.0,5.7,1.9,5.7,-0.7,-0.7,-1.0,0.06,28,0.04,0.11,9,32.1,18.6,0,FWDF,53210e42
414,Danel Sinani,1.7,1250,2024-2025,27,lu LUX,St. Pauli,de Bundesliga,26,1250,13.9,14,12,7,2,2,4,2,0,0,0,1.7,1.7,3.0,4.6,2.5,4.6,+0.3,+0.3,-1.0,0.05,35,0.06,0.17,12,34.3,21.5,3,FWMF,96ddfa79
415,Anuar,1.7,1720,2024-2025,29,ma MAR,Valladolid,es La Liga,26,1720,19.1,21,5,2,2,0,2,2,0,0,0,1.7,1.7,1.2,2.9,0.7,2.9,+0.3,+0.3,-1.2,0.15,11,0.18,0.40,5,45.5,12.8,0,MFFW,c93231dc
416,Jamie Leweling,1.6,1663,2024-2025,23,de GER,Stuttgart,de Bundesliga,27,1663,18.5,22,5,0,2,2,4,2,0,0,0,1.6,1.6,3.8,5.4,3.3,5.4,+0.4,+0.4,-1.8,0.05,29,0.07,0.13,16,55.2,19.4,0,MFFW,13fe7b69
417,Jacob Ramsey,1.6,1623,2024-2025,23,eng ENG,Aston Villa,eng Premier League,29,1623,18.0,19,10,0,1,3,4,1,0,0,0,1.6,1.6,2.3,3.9,2.2,3.9,-0.6,-0.6,+0.7,0.08,19,0.05,0.25,4,21.1,16.8,0,FWMF,1544f145
418,Ander Barrenetxea,1.6,1263,2024-2025,22,es ESP,Real Sociedad,es La Liga,30,1263,14.0,14,16,3,1,3,4,1,0,0,0,1.6,1.6,1.9,3.6,2.5,3.6,-0.6,-0.6,+1.1,0.07,25,0.04,0.13,8,32.0,16.2,0,MFFW,200e89e1
419,Carles Aleñá,1.6,1542,2024-2025,26,es ESP,2 Teams,es La Liga,24,1542,17.1,18,6,8,0,2,2,0,0,0,0,1.6,1.6,1.4,1.0,1.4,3.0,-1.6,-1.6,+0.6,0.08,20,0.00,0.00,5,25.0,18.3,1,MFFW,6c811eb7
420,Vitinha,1.6,1328,2024-2025,24,pt POR,Genoa,it Serie A,25,1328,14.8,16,9,1,2,3,5,2,0,0,0,1.6,1.6,3.3,5.0,2.0,5.0,+0.4,+0.4,-0.3,0.05,33,0.06,0.40,5,15.2,20.3,1,FWMF,74d4cec6
421,Tomáš Suslov,1.6,2080,2024-2025,22,sk SVK,Hellas Verona,it Serie A,31,2080,23.1,27,4,0,0,1,1,0,0,0,0,1.6,1.6,1.9,3.5,1.7,3.5,-1.6,-1.6,-0.9,0.05,32,0.00,0.00,7,21.9,21.6,4,MFFW,83fe71b8
422,Joe Willock,1.6,1086,2024-2025,24,eng ENG,Newcastle Utd,eng Premier League,32,1086,12.1,11,21,1,0,2,2,0,0,0,0,1.6,1.6,2.1,3.8,0.9,3.8,-1.6,-1.6,-0.1,0.09,18,0.00,0.00,3,16.7,15.1,0,MFFW,a3b03921
423,Jean-Ricner Bellegarde,1.5,1677,2024-2025,26,fr FRA,Wolves,eng Premier League,35,1677,18.6,20,15,2,2,7,9,2,0,0,0,1.5,1.5,3.8,5.3,2.8,5.3,+0.5,+0.5,+3.2,0.07,22,0.09,0.40,5,22.7,21.2,2,MFFW,10f0fdd3
424,Nicolás Domínguez,1.5,1963,2024-2025,26,ar ARG,Nott'ham Forest,eng Premier League,34,1963,21.8,23,11,3,0,1,1,0,0,0,0,1.5,1.5,1.3,2.8,1.6,2.8,-1.5,-1.5,-0.3,0.07,21,0.00,0.00,9,42.9,18.9,0,MFFW,20b3a502
425,Ridle Baku,1.5,1170,2024-2025,26,de GER,Wolfsburg,de Bundesliga,15,1170,13.0,14,1,0,2,1,3,2,0,0,0,1.5,1.5,1.3,2.7,1.6,2.7,+0.5,+0.5,-0.3,0.08,18,0.11,0.33,6,33.3,19.9,0,FWMF,442b56fa
426,Sorba Thomas,1.5,1321,2024-2025,24,wls WAL,Nantes,fr Ligue 1,25,1321,14.7,15,10,4,1,3,4,1,0,0,0,1.5,1.5,3.7,5.2,3.0,5.2,-0.5,-0.5,-0.7,0.17,9,0.11,1.00,1,11.1,17.0,0,FWMF,8725a42e
427,Kamaldeen Sulemana,1.5,1402,2024-2025,22,gh GHA,Southampton,eng Premier League,26,1402,15.6,17,9,2,1,1,2,1,0,0,0,1.5,1.5,1.0,2.5,0.8,2.5,-0.5,-0.5,0.0,0.05,29,0.03,0.13,8,27.6,18.6,0,FWMF,a62f8bf1
428,Elif Elmas,1.4,1021,2024-2025,24,mk MKD,Torino,it Serie A,13,1021,11.3,12,1,1,4,0,4,4,0,0,0,1.4,1.4,0.4,1.8,1.1,1.8,+2.6,+2.6,-0.4,0.07,19,0.21,0.44,9,47.4,19.3,0,FWMF,cf007308
429,Arthur Atta,1.3,1251,2024-2025,21,fr FRA,Udinese,it Serie A,27,1251,13.9,12,15,3,0,1,1,0,0,0,0,1.3,1.3,1.4,2.8,1.4,2.8,-1.3,-1.3,-0.4,0.05,26,0.00,0.00,7,26.9,20.6,0,MFFW,d3ddf88b
430,Bilal El Khannouss,1.3,2182,2024-2025,20,ma MAR,Leicester City,eng Premier League,32,2182,24.2,27,5,3,2,3,5,2,0,0,0,1.3,1.3,4.6,5.8,3.1,5.8,+0.7,+0.7,-1.6,0.04,30,0.07,0.29,7,23.3,22.0,0,MFFW,f7042636
431,Khalil Fayad,1.3,1028,2024-2025,20,fr FRA,Montpellier,fr Ligue 1,20,1028,11.4,10,10,1,0,0,0,0,0,0,0,1.3,1.3,0.3,1.5,0.6,1.5,-1.3,-1.3,-0.3,0.07,17,0.00,0.00,3,17.6,23.2,1,MFFW,faf00ab8
432,Jeremy Doku,1.3,1516,2024-2025,22,be BEL,Manchester City,eng Premier League,29,1516,16.8,16,13,4,3,6,9,3,0,0,0,1.3,1.3,4.8,6.1,3.8,6.1,+1.7,+1.7,+1.2,0.05,29,0.10,0.33,9,31.0,17.7,0,FWMF,fffea3e5
433,Pep Chavarría,1.2,2585,2024-2025,26,es ESP,Rayo Vallecano,es La Liga,34,2585,28.7,28,6,2,0,1,1,0,0,0,0,1.2,1.2,1.9,3.1,1.9,3.1,-1.2,-1.2,-0.9,0.11,11,0.00,0.00,3,27.3,20.1,0,DFFW,63c5e56b
434,Yann Karamoh,1.2,1046,2024-2025,26,fr FRA,Torino,it Serie A,29,1046,11.6,10,19,7,0,1,1,0,0,0,0,1.2,1.2,0.9,2.2,1.0,2.2,-1.2,-1.2,+0.1,0.05,25,0.00,0.00,6,24.0,17.7,0,MFFW,8b66d9cc
435,Jack Clarke,1.2,1181,2024-2025,23,eng ENG,Ipswich Town,eng Premier League,32,1181,13.1,12,20,3,0,4,4,0,0,0,0,1.2,1.2,2.3,3.5,1.2,3.5,-1.2,-1.2,+1.7,0.07,17,0.00,0.00,2,11.8,18.9,0,FWMF,e16932d8
436,Domingos André Ribeiro Almeida,1.2,1977,2024-2025,24,pt POR,Valencia,es La Liga,34,1977,22.0,24,10,2,0,4,4,0,0,0,0,1.2,1.2,3.2,4.4,4.9,4.4,-1.2,-1.2,+0.8,0.07,18,0.00,0.00,5,27.8,24.1,2,MFFW,e6697917
437,Coba da Costa,1.1,1006,2024-2025,22,es ESP,Getafe,es La Liga,19,1006,11.2,12,7,11,1,1,2,1,0,0,0,1.1,1.1,1.4,2.6,1.5,2.6,-0.1,-0.1,-0.4,0.05,23,0.04,0.13,8,34.8,18.3,0,MFFW,0b3358f0
438,Eren Dinkçi,1.1,1196,2024-2025,22,de GER,Freiburg,de Bundesliga,23,1196,13.3,13,10,2,0,3,3,0,0,0,0,1.1,1.1,2.2,3.3,1.2,3.3,-1.1,-1.1,+0.8,0.08,14,0.00,0.00,3,21.4,19.0,0,MFFW,4ccd8957
439,Ben Johnson,1.1,1354,2024-2025,24,eng ENG,Ipswich Town,eng Premier League,23,1354,15.0,14,9,9,1,2,3,1,0,0,0,1.1,1.1,1.3,2.3,0.9,2.3,-0.1,-0.1,+0.7,0.15,7,0.14,0.33,3,42.9,12.6,0,DFFW,9319781b
440,Dwight McNeil,1.1,1371,2024-2025,24,eng ENG,Everton,eng Premier League,21,1371,15.2,15,6,0,4,6,10,4,0,0,0,1.1,1.1,5.2,6.3,4.3,6.3,+2.9,+2.9,+0.8,0.04,25,0.16,0.40,10,40.0,21.9,0,MFFW,fc15fb84
441,Valentino Lazaro,1.0,2307,2024-2025,28,at AUT,Torino,it Serie A,33,2307,25.6,26,7,1,0,6,6,0,0,0,0,1.0,1.0,3.3,4.4,3.4,4.4,-1.0,-1.0,+2.7,0.06,16,0.00,0.00,2,12.5,19.5,2,DFFW,016ff750
442,Alex Sola,1.0,1029,2024-2025,25,es ESP,Getafe,es La Liga,19,1029,11.4,13,6,16,0,1,1,0,0,0,0,1.0,1.0,0.7,1.6,0.8,1.6,-1.0,-1.0,+0.3,0.06,15,0.00,0.00,2,13.3,18.6,0,MFFW,5fa714d5
443,Gavi,0.9,1085,2024-2025,19,es ESP,Barcelona,es La Liga,26,1085,12.1,14,12,3,1,1,2,1,0,0,0,0.9,0.9,1.6,2.4,1.5,2.4,+0.1,+0.1,-0.6,0.08,11,0.09,1.00,1,9.1,15.3,0,MFFW,19cae58d
444,Aitor Ruibal,0.9,1313,2024-2025,28,es ESP,Betis,es La Liga,29,1313,14.6,13,16,2,1,3,4,1,0,0,0,0.9,0.9,2.4,3.3,1.9,3.3,+0.1,+0.1,+0.6,0.06,16,0.06,0.25,4,25.0,19.0,0,DFFW,a55d8df5
445,Antoniu,0.9,1022,2024-2025,21,es ESP,Espanyol,es La Liga,26,1022,11.4,13,13,9,0,1,1,0,0,0,0,0.9,0.9,1.1,1.9,1.1,1.9,-0.9,-0.9,-0.1,0.09,10,0.00,0.00,4,40.0,19.7,0,FWMF,af784a9e
446,Leonardo Spinazzola,0.8,1517,2024-2025,31,it ITA,Napoli,it Serie A,27,1517,16.9,17,10,6,1,1,2,1,0,0,0,0.8,0.8,3.5,4.2,3.4,4.2,+0.2,+0.2,-2.5,0.07,12,0.08,0.25,4,33.3,17.1,0,DFFW,3626daea
447,Antoine Hainaut,0.8,1206,2024-2025,22,fr FRA,Parma,it Serie A,25,1206,13.4,10,15,12,2,0,2,2,0,0,0,0.8,0.8,1.0,1.8,1.4,1.8,+1.2,+1.2,-1.0,0.14,6,0.33,0.67,3,50.0,19.1,0,DFFW,6503f220
448,Loïc Nego,0.8,2459,2024-2025,33,hu HUN,Le Havre,fr Ligue 1,31,2459,27.3,28,3,3,0,0,0,0,0,0,0,0.8,0.8,0.7,1.4,1.6,1.4,-0.8,-0.8,-0.7,0.07,11,0.00,0.00,2,18.2,17.1,0,DFFW,c3b6fa1e
449,Alejandro Jiménez,0.8,1266,2024-2025,19,es ESP,Milan,it Serie A,22,1266,14.1,14,8,6,0,1,1,0,0,0,0,0.8,0.8,1.3,2.1,1.3,2.1,-0.8,-0.8,-0.3,0.06,15,0.00,0.00,5,33.3,22.1,0,DFFW,faa13947
450,Andrea Cambiaso,0.7,2221,2024-2025,24,it ITA,Juventus,it Serie A,33,2221,24.7,25,8,0,2,3,5,2,0,0,0,0.7,0.7,2.6,3.3,2.1,3.3,+1.3,+1.3,+0.4,0.04,17,0.12,0.33,6,35.3,22.1,0,DFFW,247ed022
451,Manuel Fuster,0.7,1003,2024-2025,26,es ESP,Las Palmas,es La Liga,28,1003,11.1,8,20,10,2,1,3,2,0,0,0,0.7,0.7,1.8,2.5,1.8,2.5,+1.3,+1.3,-0.8,0.04,18,0.11,0.29,7,38.9,23.2,0,FWMF,618f396a
452,Iván Sánchez,0.7,1404,2024-2025,31,es ESP,Valladolid,es La Liga,32,1404,15.6,11,21,6,2,1,3,2,0,0,0,0.7,0.7,2.9,3.5,2.9,3.5,+1.3,+1.3,-1.9,0.04,15,0.13,0.40,5,33.3,21.1,2,MFFW,70107d4d
453,Lilian Raolisoa,0.7,1318,2024-2025,24,fr FRA,Angers,fr Ligue 1,29,1318,14.6,14,15,1,0,3,3,0,0,0,0,0.7,0.7,2.0,2.7,1.7,2.7,-0.7,-0.7,+1.0,0.05,14,0.00,0.00,1,7.1,23.2,1,DFFW,79a793b7
454,Derrick Köhn,0.7,1343,2024-2025,25,de GER,Werder Bremen,de Bundesliga,27,1343,14.9,14,13,4,2,2,4,2,0,0,0,0.7,0.7,1.6,2.4,2.0,2.4,+1.3,+1.3,+0.4,0.06,13,0.15,0.50,4,30.8,15.7,0,DFFW,b735b590
455,Giuseppe Pezzella,0.6,2878,2024-2025,26,it ITA,Empoli,it Serie A,35,2878,32.0,34,1,2,0,3,3,0,0,0,0,0.6,0.6,4.6,5.2,4.4,5.2,-0.6,-0.6,-1.6,0.04,15,0.00,0.00,3,20.0,20.6,0,DFFW,149c5f5d
456,Alessandro Zanoli,0.4,1711,2024-2025,23,it ITA,Genoa,it Serie A,31,1711,19.0,19,12,4,1,0,1,1,0,0,0,0.4,0.4,1.6,2.0,1.1,2.0,+0.6,+0.6,-1.6,0.04,11,0.09,0.33,3,27.3,20.8,0,FWDF,3b12b11f
457,Adrià Altimira,0.3,1630,2024-2025,23,es ESP,Leganés,es La Liga,22,1630,18.1,19,3,14,0,0,0,0,0,0,0,0.3,0.3,0.5,0.8,0.7,0.8,-0.3,-0.3,-0.5,0.04,7,0.00,0.00,2,28.6,24.1,0,DFFW,757a3431
458,Christopher Operi,0.3,1169,2024-2025,27,ci CIV,Le Havre,fr Ligue 1,13,1169,13.0,13,0,0,0,2,2,0,0,0,0,0.3,0.3,2.2,2.5,3.2,2.5,-0.3,-0.3,-0.2,0.04,7,0.00,0.00,1,14.3,22.0,2,DFFW,914bb955
459,Adama Boiro,0.3,1101,2024-2025,22,es ESP,Athletic Club,es La Liga,18,1101,12.2,13,5,18,0,0,0,0,0,0,0,0.3,0.3,0.5,0.7,0.6,0.7,-0.3,-0.3,-0.5,0.05,5,0.00,,0,0.0,14.4,0,DFFW,e7992f7b
460,Marvin,0.2,1038,2024-2025,24,es ESP,Las Palmas,es La Liga,23,1038,11.5,9,14,1,0,0,0,0,0,0,0,0.2,0.2,1.1,1.3,1.2,1.3,-0.2,-0.2,-1.1,0.04,5,0.00,,0,0.0,13.7,0,DFFW,efaefda0